company_name,investors,url
AARUM,,https://www.bangalorestartupmap.com/company/aarum
ABB India,,https://www.bangalorestartupmap.com/company/abb-india
Accel India,,https://www.bangalorestartupmap.com/company/accel-india
Acceldata,,https://www.bangalorestartupmap.com/company/acceldata
Accenture India,,https://www.bangalorestartupmap.com/company/accenture-india
Actyv.ai,1Digital; SIG,https://www.bangalorestartupmap.com/company/actyv-ai
Acviss Technologies,,https://www.bangalorestartupmap.com/company/acviss
Addverb Technologies,,https://www.bangalorestartupmap.com/company/addverb-technologies
Adobe Systems India,,https://www.bangalorestartupmap.com/company/adobe-systems-india
Adopt AI,Elevation Capital; Foster Ventures; Powerhouse Ventures,https://www.bangalorestartupmap.com/company/adopt-ai
AdSocial.ai,,https://www.bangalorestartupmap.com/company/adsocial-ai
AEOS,,https://www.bangalorestartupmap.com/company/aeos
Aerchain,Pavestone VC; IndiaMART,https://www.bangalorestartupmap.com/company/aerchain
Aereo,,https://www.bangalorestartupmap.com/company/aereo
Aetos Innovation Labs,,https://www.bangalorestartupmap.com/company/aetos-innovation-labs
Aforro,,https://www.bangalorestartupmap.com/company/aforro
Agilent Technologies India,,https://www.bangalorestartupmap.com/company/agilent-technologies-india
AgWise,,https://www.bangalorestartupmap.com/company/agwise
Aindra Systems,Villgro,https://www.bangalorestartupmap.com/company/aindra-systems
Airbound,,https://www.bangalorestartupmap.com/company/airbound
Airbus India,,https://www.bangalorestartupmap.com/company/airbus-india
Airmeet,Sequoia Capital India; Accel; Prosus Ventures; Sistema Asia Fund,https://www.bangalorestartupmap.com/company/airmeet
Airtribe,Oxford Ventures; Kunal Shah,https://www.bangalorestartupmap.com/company/airtribe
Aisle,,https://www.bangalorestartupmap.com/company/aisle
Akamai Technologies India,,https://www.bangalorestartupmap.com/company/akamai-technologies-india
Akshayakalpa Organic,British International Investment; Rainmatter; A91 Partners,https://www.bangalorestartupmap.com/company/akshayakalpa-organic
Algen AI,,https://www.bangalorestartupmap.com/company/algen-ai
Allegion India,,https://www.bangalorestartupmap.com/company/allegion-india
Allo Health,Nexus Venture Partners; Rainmatter,https://www.bangalorestartupmap.com/company/allo-health
AlmaBetter,,https://www.bangalorestartupmap.com/company/almabetter
Alpha Wave Global,,https://www.bangalorestartupmap.com/company/alpha-wave-global
Alpify Technologies,,https://www.bangalorestartupmap.com/company/alpify-technologies
Alt Carbon,Lachy Groom; Frontier,https://www.bangalorestartupmap.com/company/alt-carbon
ALTEN Calsoft Labs,,https://www.bangalorestartupmap.com/company/alten-calsoft-labs
Altigreen,,https://www.bangalorestartupmap.com/company/altigreen
AltM,,https://www.bangalorestartupmap.com/company/altm
Amagi,,https://www.bangalorestartupmap.com/company/amagi
Amazon Development Centre India,,https://www.bangalorestartupmap.com/company/amazon-development-centre-india
Ambitio,BLinC Invest,https://www.bangalorestartupmap.com/company/ambitio
AMD India,,https://www.bangalorestartupmap.com/company/amd-india
Analog Devices India,,https://www.bangalorestartupmap.com/company/analog-devices-india
Analytic Edge,,https://www.bangalorestartupmap.com/company/analytic-edge
Anand Sweets,,https://www.bangalorestartupmap.com/company/anand-sweets
Anapan AI,,https://www.bangalorestartupmap.com/company/anapan-ai
Anicut Capital,,https://www.bangalorestartupmap.com/company/anicut-capital
Ankur Capital,,https://www.bangalorestartupmap.com/company/ankur-capital
ANSCER Robotics,Info Edge Ventures; Indian Angel Network,https://www.bangalorestartupmap.com/company/anscer-robotics
Anthem Biosciences,,https://www.bangalorestartupmap.com/company/anthem-biosciences
Anthriq,Info Edge Ventures; Zupee; Smile Group,https://www.bangalorestartupmap.com/company/anthriq
AntiNorm,,https://www.bangalorestartupmap.com/company/antinorm
Antler India,,https://www.bangalorestartupmap.com/company/antler-india
Apeiron Mobility,,https://www.bangalorestartupmap.com/company/apeiron-mobility
APIwiz,,https://www.bangalorestartupmap.com/company/apiwiz
Apna,,https://www.bangalorestartupmap.com/company/apna
Appknox,SeedPlus; Jungle Ventures,https://www.bangalorestartupmap.com/company/appknox
Applied Materials India,,https://www.bangalorestartupmap.com/company/applied-materials-india
AppsForBharat,,https://www.bangalorestartupmap.com/company/appsforbharat
Aprisio,,https://www.bangalorestartupmap.com/company/aprisio
APSIDE,,https://www.bangalorestartupmap.com/company/apside
Aragen Life Sciences,,https://www.bangalorestartupmap.com/company/aragen-life-sciences
Arali Ventures,,https://www.bangalorestartupmap.com/company/arali-ventures
Arata,,https://www.bangalorestartupmap.com/company/arata
Arkahub,,https://www.bangalorestartupmap.com/company/arkahub
Arkam Ventures,,https://www.bangalorestartupmap.com/company/arkam-ventures
Arm India,,https://www.bangalorestartupmap.com/company/arm-india
Armatrix,,https://www.bangalorestartupmap.com/company/armatrix
Aroleap,,https://www.bangalorestartupmap.com/company/aroleap
Arrowhead,Stellaris Venture Partners; Campus Fund,https://www.bangalorestartupmap.com/company/arrowhead
Artelus,,https://www.bangalorestartupmap.com/company/artelus
Artigo Collective,,https://www.bangalorestartupmap.com/company/artigo-collective
Artivatic,,https://www.bangalorestartupmap.com/company/artivatic
Aryaka,,https://www.bangalorestartupmap.com/company/aryaka
Arzooo,WestBridge Capital; Trifecta Capital; SIG; Celesta Capital,https://www.bangalorestartupmap.com/company/arzooo
Ashva Cognitive Systems,,https://www.bangalorestartupmap.com/company/ashva-cognitive-systems
Aspora,Sequoia; Greylock; Hummingbird; Y Combinator,https://www.bangalorestartupmap.com/company/aspora
AstraZeneca India,,https://www.bangalorestartupmap.com/company/astrazeneca-india
Astrobase Space,,https://www.bangalorestartupmap.com/company/astrobase-space
Astrobase Space Technologies,,https://www.bangalorestartupmap.com/company/astrobase-space-technologies
Astrogate Labs,,https://www.bangalorestartupmap.com/company/astrogate-labs
Astrome Technologies,,https://www.bangalorestartupmap.com/company/astrome-technologies
Aten Porus Lifesciences,,https://www.bangalorestartupmap.com/company/aten-porus-lifesciences
Ather Energy,Hero MotoCorp; Tiger Global; GIC; National Investment and Infrastructure Fund,https://www.bangalorestartupmap.com/company/ather-energy
Athera Venture Partners,,https://www.bangalorestartupmap.com/company/athera-venture-partners
Ati Motors,,https://www.bangalorestartupmap.com/company/ati-motors
Atlan,Meritech; GIC; Salesforce Ventures; Peak XV Partners; Insight Partners,https://www.bangalorestartupmap.com/company/atlan
Atoa Payments,,https://www.bangalorestartupmap.com/company/atoa-payments
Atomicwork,,https://www.bangalorestartupmap.com/company/atomicwork
Attero,,https://www.bangalorestartupmap.com/company/attero
August AI,,https://www.bangalorestartupmap.com/company/august-ai
Aurigene,,https://www.bangalorestartupmap.com/company/aurigene
Aurum Brewworks,,https://www.bangalorestartupmap.com/company/aurum-brewworks
AutoSmart Technology,,https://www.bangalorestartupmap.com/company/autosmart-technology
Avataar Venture Partners,,https://www.bangalorestartupmap.com/company/avataar-venture-partners
Avataar.ai,Tiger Global; Peak XV Partners,https://www.bangalorestartupmap.com/company/avataar-ai
Awign,,https://www.bangalorestartupmap.com/company/awign
Axilor Ventures,,https://www.bangalorestartupmap.com/company/axilor-ventures
Ayu Health,The Fundamentum Partnership; Stellaris Venture Partners; Vertex Ventures; Alteria Capital,https://www.bangalorestartupmap.com/company/ayu-health
B2Bangalore,,https://www.bangalorestartupmap.com/company/b2bangalore
Bambrew,Blume Ventures; Blue Ashva Capital,https://www.bangalorestartupmap.com/company/bambrew
BankBazaar,,https://www.bangalorestartupmap.com/company/bankbazaar
Bare Necessities,Social Alpha,https://www.bangalorestartupmap.com/company/bare-necessities
Basil,,https://www.bangalorestartupmap.com/company/basil
BCD Travel India,,https://www.bangalorestartupmap.com/company/bcd-travel-india
Bellatrix Aerospace,Cactus Partners; Inflexor Ventures; GrowX Ventures; Hero Enterprise,https://www.bangalorestartupmap.com/company/bellatrix-aerospace
Belong,Elevation Capital; Relentless Ventures,https://www.bangalorestartupmap.com/company/belong
Bessemer Venture Partners India,,https://www.bangalorestartupmap.com/company/bessemer-venture-partners-india
Betterhalf,,https://www.bangalorestartupmap.com/company/betterhalf
BetterPlace,,https://www.bangalorestartupmap.com/company/betterplace
Beyond Appliances,,https://www.bangalorestartupmap.com/company/beyond-appliances
Beyond Next Ventures,,https://www.bangalorestartupmap.com/company/beyond-next-ventures
Bhanzu,Epiq Capital; Z3Partners,https://www.bangalorestartupmap.com/company/bhanzu
Bharat Intelligence,,https://www.bangalorestartupmap.com/company/bharat-intelligence
BharatX,,https://www.bangalorestartupmap.com/company/bharatx
BHIVE Workspace,Blume Ventures,https://www.bangalorestartupmap.com/company/bhive-workspace
Bidso,,https://www.bangalorestartupmap.com/company/bidso
BigEndian,Vertex Ventures; Indian Angel Network,https://www.bangalorestartupmap.com/company/bigendian
BimaKavach,,https://www.bangalorestartupmap.com/company/bimakavach
Bimaplan,Orios Venture Partners; Y Combinator; Finsight Ventures; 2am VC,https://www.bangalorestartupmap.com/company/bimaplan
Bindbee,,https://www.bangalorestartupmap.com/company/bindbee
Biocon,,https://www.bangalorestartupmap.com/company/biocon
Bione,,https://www.bangalorestartupmap.com/company/bione
Biopeak,,https://www.bangalorestartupmap.com/company/biopeak
Bizom,,https://www.bangalorestartupmap.com/company/bizom
Black Mass Energies,,https://www.bangalorestartupmap.com/company/black-mass-energies
BlackBuck,Tiger Global; Accel; Peak XV Partners; IFC; Wellington Management,https://www.bangalorestartupmap.com/company/blackbuck
BlissClub,Elevation Capital; Eight Roads Ventures,https://www.bangalorestartupmap.com/company/blissclub
Blitz,IvyCap Ventures; India Quotient; Alteria Capital,https://www.bangalorestartupmap.com/company/blitz
Blowhorn,Unitus Ventures; IDG Ventures India; Michael & Susan Dell Foundation; Capria Ventures,https://www.bangalorestartupmap.com/company/blowhorn
BlueStone,Accel; Kalaari Capital; Prosus,https://www.bangalorestartupmap.com/company/bluestone
Blume Ventures,,https://www.bangalorestartupmap.com/company/blume-ventures
Boba Bhai,,https://www.bangalorestartupmap.com/company/boba-bhai
Boeing India,,https://www.bangalorestartupmap.com/company/boeing-india
Bolna,General Catalyst; Y Combinator; Blume Ventures; Eight Capital,https://www.bangalorestartupmap.com/company/bolna
Bolt IoT,,https://www.bangalorestartupmap.com/company/bolt-iot
Bolt.Earth,,https://www.bangalorestartupmap.com/company/bolt-earth
Bombay Play,,https://www.bangalorestartupmap.com/company/bombay-play
Bonatra,ITI Growth Opportunities Fund,https://www.bangalorestartupmap.com/company/bonatra
Bonito Designs,,https://www.bangalorestartupmap.com/company/bonito-designs
Booking Holdings India,,https://www.bangalorestartupmap.com/company/booking-holdings-india
Bosch Global Software Technologies,,https://www.bangalorestartupmap.com/company/bosch-global-software-technologies
Botsync,,https://www.bangalorestartupmap.com/company/botsync
Bounce,Accel; Peak XV Partners; B Capital Group; Qualcomm Ventures,https://www.bangalorestartupmap.com/company/bounce
BrainBack,,https://www.bangalorestartupmap.com/company/brainback
BrainSightAI,IAN Alpha Fund; IvyCap Ventures; Silver Needle,https://www.bangalorestartupmap.com/company/brainsightai
BrightChamps,Premji Invest; GSV Ventures; BEENEXT,https://www.bangalorestartupmap.com/company/brightchamps
Broadcom India,,https://www.bangalorestartupmap.com/company/broadcom-india
Bugworks Research,3one4 Capital; University of Tokyo Edge Capital (UTEC); CARB-X,https://www.bangalorestartupmap.com/company/bugworks-research
Bullwork Mobility,,https://www.bangalorestartupmap.com/company/bullwork-mobility
Bummer,,https://www.bangalorestartupmap.com/company/bummer
Bureau,Sorenson Capital; PayPal Ventures; Quona Capital; GMO VenturePartners,https://www.bangalorestartupmap.com/company/bureau
Buyhatke,Kris Gopalakrishnan; BEENOS,https://www.bangalorestartupmap.com/company/buyhatke
Buzzlab,,https://www.bangalorestartupmap.com/company/buzzlab
BYJU'S,Tiger Global; General Atlantic; Prosus; Peak XV Partners,https://www.bangalorestartupmap.com/company/byju-s
Bytebeam,,https://www.bangalorestartupmap.com/company/bytebeam
Byteception,,https://www.bangalorestartupmap.com/company/byteception
C2i Semiconductors,Yali Capital; Peak XV Partners; TDK Ventures,https://www.bangalorestartupmap.com/company/c2i-semiconductors
Cactus Venture Partners,,https://www.bangalorestartupmap.com/company/cactus-venture-partners
Cadence Design Systems India,,https://www.bangalorestartupmap.com/company/cadence-design-systems-india
Cambrian Bioworks,Irani Family Office,https://www.bangalorestartupmap.com/company/cambrian-bioworks
Campus Fund,,https://www.bangalorestartupmap.com/company/campus-fund
Capgemini India,,https://www.bangalorestartupmap.com/company/capgemini-india
Capillary Technologies,Warburg Pincus; Peak XV Partners; Norwest Venture Partners; American Express Ventures,https://www.bangalorestartupmap.com/company/capillary-technologies
Capria Ventures,,https://www.bangalorestartupmap.com/company/capria-ventures
Captain Fresh,Prosus Ventures; Tiger Global; Accel; Nekkanti Sea Foods,https://www.bangalorestartupmap.com/company/captain-fresh
Carbon Masters,,https://www.bangalorestartupmap.com/company/carbon-masters
Cardiac Design Labs,,https://www.bangalorestartupmap.com/company/cardiac-design-labs
Cardiotrack,,https://www.bangalorestartupmap.com/company/cardiotrack
CashBook,,https://www.bangalorestartupmap.com/company/cashbook
Cashfree Payments,Y Combinator; Apis Partners; State Bank of India,https://www.bangalorestartupmap.com/company/cashfree-payments
Catamaran Ventures,,https://www.bangalorestartupmap.com/company/catamaran-ventures
Cell Propulsion,Endiya Partners; growX Ventures; Micelio,https://www.bangalorestartupmap.com/company/cell-propulsion
Centricity,,https://www.bangalorestartupmap.com/company/centricity
Chai Point,Eight Roads Ventures; Saama Capital; Paragon Partners; DSG Consumer Partners,https://www.bangalorestartupmap.com/company/chai-point
Chalo,,https://www.bangalorestartupmap.com/company/chalo
Chara Technologies,Arkam Ventures; Exfinity Venture Partners; Kalaari Capital,https://www.bangalorestartupmap.com/company/chara-technologies
Chargebee,,https://www.bangalorestartupmap.com/company/chargebee
ChartMath,,https://www.bangalorestartupmap.com/company/chartmath
Chingari,,https://www.bangalorestartupmap.com/company/chingari
Chipspirit Technologies,,https://www.bangalorestartupmap.com/company/chipspirit-technologies
Chiratae Ventures,,https://www.bangalorestartupmap.com/company/chiratae-ventures
CHK,,https://www.bangalorestartupmap.com/company/chk
ChromoPIC Sensing,,https://www.bangalorestartupmap.com/company/chromopic-sensing
Chumbak,Matrix Partners; Seedfund; Gaja Capital,https://www.bangalorestartupmap.com/company/chumbak
Cisco India,,https://www.bangalorestartupmap.com/company/cisco-india
Clarisights,Peak XV Partners; OMERS Ventures,https://www.bangalorestartupmap.com/company/clarisights
ClearFeed,,https://www.bangalorestartupmap.com/company/clearfeed
ClearTax,Peak XV Partners; Founders Fund; Composite Capital; Elevation Capital,https://www.bangalorestartupmap.com/company/cleartax
CleverTap,,https://www.bangalorestartupmap.com/company/clevertap
Clevrr AI,,https://www.bangalorestartupmap.com/company/clevrr-ai
ClickPost,Inflexor Ventures; Athera Venture Partners; Rebright Partners,https://www.bangalorestartupmap.com/company/clickpost
Clientell,Blume Ventures; Chiratae Ventures; Artha Venture Fund,https://www.bangalorestartupmap.com/company/clientell
Clinikk,,https://www.bangalorestartupmap.com/company/clinikk
Clootrack,Inventus Capital; Unicorn India Ventures; Indian Angel Network,https://www.bangalorestartupmap.com/company/clootrack
Cloudphysician,Peak XV Partners; Nexus Venture Partners; Ascent Capital,https://www.bangalorestartupmap.com/company/cloudphysician
CloudSEK,,https://www.bangalorestartupmap.com/company/cloudsek
CloudZen,,https://www.bangalorestartupmap.com/company/cloudzen
Clueso,,https://www.bangalorestartupmap.com/company/clueso
CMDK,,https://www.bangalorestartupmap.com/company/cmdk
Codemonk,,https://www.bangalorestartupmap.com/company/codemonk
Codeyoung,,https://www.bangalorestartupmap.com/company/codeyoung
Codingal,Better Capital; GSF Accelerator,https://www.bangalorestartupmap.com/company/codingal
Cognizant (Bellandur),,https://www.bangalorestartupmap.com/company/cognizant-bellandur
CoinSwitch,Andreessen Horowitz; Coinbase Ventures; Tiger Global; Peak XV; Ribbit Capital; Paradigm,https://www.bangalorestartupmap.com/company/coinswitch
Colive,,https://www.bangalorestartupmap.com/company/colive
Collins Aerospace India,,https://www.bangalorestartupmap.com/company/collins-aerospace-india
Composio,,https://www.bangalorestartupmap.com/company/composio
CompUp,,https://www.bangalorestartupmap.com/company/compup
Connect and Heal,,https://www.bangalorestartupmap.com/company/connect-and-heal
Conscious Engines,,https://www.bangalorestartupmap.com/company/conscious-engines
Consuma,,https://www.bangalorestartupmap.com/company/consuma
Contineu,,https://www.bangalorestartupmap.com/company/contineu
Contlo,,https://www.bangalorestartupmap.com/company/contlo
Control One,,https://www.bangalorestartupmap.com/company/control-one
Convin.ai,India Quotient; Kalaari Capital; JSW Ventures; Titan Capital; 9Unicorns,https://www.bangalorestartupmap.com/company/convin-ai
CoRover,,https://www.bangalorestartupmap.com/company/corover
CoRover.ai,,https://www.bangalorestartupmap.com/company/coroverai
CORS Lab,,https://www.bangalorestartupmap.com/company/cors-lab
Country Delight,,https://www.bangalorestartupmap.com/company/country-delight
Coupl Money,,https://www.bangalorestartupmap.com/company/coupl-money
CraftifAI,Ankur Capital; IvyCap Ventures; Antler,https://www.bangalorestartupmap.com/company/craftifai
CreatoMojo,,https://www.bangalorestartupmap.com/company/creatomojo
CRED,Tiger Global; Peak XV Partners; Ribbit Capital; DST Global; Coatue; GIC,https://www.bangalorestartupmap.com/company/cred
CredMatrix,,https://www.bangalorestartupmap.com/company/credmatrix
Creo IT,,https://www.bangalorestartupmap.com/company/creo-it
Cropin,ABC World Asia; Chiratae Ventures; Google; Bill & Melinda Gates Foundation,https://www.bangalorestartupmap.com/company/cropin
Ctruh,Inflection Point Ventures; Avinya Ventures; Anthill Ventures,https://www.bangalorestartupmap.com/company/ctruh
Cuemath,Sequoia Capital India; CapitalG; Alpha Wave Incubation; Lightrock,https://www.bangalorestartupmap.com/company/cuemath
Cult.fit,Accel; Kalaari Capital; Temasek; Tiger Global; Zomato,https://www.bangalorestartupmap.com/company/cult-fit
Cumulations Technologies,,https://www.bangalorestartupmap.com/company/cumulations-technologies
Cure by Design,,https://www.bangalorestartupmap.com/company/cure-by-design
Cure.fit,,https://www.bangalorestartupmap.com/company/cure-fit
Curefoods,Iron Pillar; Accel; Chiratae Ventures; Three State Ventures,https://www.bangalorestartupmap.com/company/curefoods
CureSkin,HealthQuad; JSW Ventures; Khosla Ventures,https://www.bangalorestartupmap.com/company/cureskin
Curie Money,India Quotient,https://www.bangalorestartupmap.com/company/curie-money
CynLr,,https://www.bangalorestartupmap.com/company/cynlr
Cyware,Ten Eleven Ventures; Advent International; Prelude Ventures,https://www.bangalorestartupmap.com/company/cyware
Dailyhunt,CPP Investments; Sofina; Falcon Edge; Google; Microsoft; Peak XV Partners,https://www.bangalorestartupmap.com/company/dailyhunt
DailyRounds,,https://www.bangalorestartupmap.com/company/dailyrounds
DaMENSCH,A91 Partners; Matrix Partners India; Saama Capital,https://www.bangalorestartupmap.com/company/damensch
Danaher India,,https://www.bangalorestartupmap.com/company/danaher-india
Darwinbox,,https://www.bangalorestartupmap.com/company/darwinbox
Dashtoon,,https://www.bangalorestartupmap.com/company/dashtoon
Dashverse,,https://www.bangalorestartupmap.com/company/dashverse
Datazip,,https://www.bangalorestartupmap.com/company/datazip
DealShare,,https://www.bangalorestartupmap.com/company/dealshare
Decentro,InfoEdge Ventures; Uncorrelated Ventures; Y Combinator,https://www.bangalorestartupmap.com/company/decentro
Deep Rooted,,https://www.bangalorestartupmap.com/company/deep-rooted
Deepwork Labs,,https://www.bangalorestartupmap.com/company/deepwork-labs
DeHaat,,https://www.bangalorestartupmap.com/company/dehaat
Delhivery,,https://www.bangalorestartupmap.com/company/delhivery
Dell Technologies India,,https://www.bangalorestartupmap.com/company/dell-technologies-india
DevRev,Khosla Ventures; Mayfield; Param Hansa,https://www.bangalorestartupmap.com/company/devrev
Dexter Ventures,,https://www.bangalorestartupmap.com/company/dexter-ventures
Dezerv,,https://www.bangalorestartupmap.com/company/dezerv
DialNexa,,https://www.bangalorestartupmap.com/company/dialnexa
Digantara,Peak XV Partners; Kalaari Capital; Aditya Birla Ventures,https://www.bangalorestartupmap.com/company/digantara
Dil Foods,,https://www.bangalorestartupmap.com/company/dil-foods
Diorama AI,,https://www.bangalorestartupmap.com/company/diorama-ai
Disha AI,South Park Commons,https://www.bangalorestartupmap.com/company/disha-ai
Dobra,,https://www.bangalorestartupmap.com/company/dobra
Docket,,https://www.bangalorestartupmap.com/company/docket
DocsApp,,https://www.bangalorestartupmap.com/company/docsapp
Doctor Droid,Accel; Y Combinator,https://www.bangalorestartupmap.com/company/doctor-droid
Dognosis,Boost VC; 1517 Fund; Accel Atoms; gradCapital,https://www.bangalorestartupmap.com/company/dognosis
DoSelect,,https://www.bangalorestartupmap.com/company/doselect
Dozee,Prime Venture Partners; YourNest Venture Capital; 3one4 Capital,https://www.bangalorestartupmap.com/company/dozee
Dr. Doodley,V3 Ventures; Campus Fund,https://www.bangalorestartupmap.com/company/dr-doodley
Drickle,,https://www.bangalorestartupmap.com/company/drickle
DrinkPrime,Peak XV (Surge); Omnivore; Sequoia Capital,https://www.bangalorestartupmap.com/company/drinkprime
DriveU,,https://www.bangalorestartupmap.com/company/driveu
Drizz,Stellaris Venture Partners,https://www.bangalorestartupmap.com/company/drizz
Drools,L Catterton,https://www.bangalorestartupmap.com/company/drools
Dukaan,Lightspeed; Z47; Venture Catalysts,https://www.bangalorestartupmap.com/company/dukaan
Dunzo,Reliance Retail; Google; Lightbox; Blume Ventures,https://www.bangalorestartupmap.com/company/dunzo
Duroflex,Lighthouse Funds,https://www.bangalorestartupmap.com/company/duroflex
E3 Electric,BluVenture Holdings,https://www.bangalorestartupmap.com/company/e3-electric
Easebuzz,,https://www.bangalorestartupmap.com/company/easebuzz
EasyEcom,,https://www.bangalorestartupmap.com/company/easyecom
Edify Club,,https://www.bangalorestartupmap.com/company/edify-club
Eight Roads Ventures India,,https://www.bangalorestartupmap.com/company/eight-roads-ventures-india
Eightfold,,https://www.bangalorestartupmap.com/company/eightfold
ElasticRun,,https://www.bangalorestartupmap.com/company/elasticrun
Elda Health,,https://www.bangalorestartupmap.com/company/elda-health
Electric Sheep Supply Co,,https://www.bangalorestartupmap.com/company/electric-sheep-supply-co
ElectricPe,Blume Ventures; Micelio,https://www.bangalorestartupmap.com/company/electricpe
Elevar Equity,,https://www.bangalorestartupmap.com/company/elevar-equity
Elevation Capital,,https://www.bangalorestartupmap.com/company/elevation-capital
Elever,Brand Capital,https://www.bangalorestartupmap.com/company/elever
eLitmus,,https://www.bangalorestartupmap.com/company/elitmus
Eloelo,Kalaari Capital; Griffin Gaming Partners; Waterbridge Ventures,https://www.bangalorestartupmap.com/company/eloelo
ELVN-ELVN,,https://www.bangalorestartupmap.com/company/elvn-elvn
Emergent,Lightspeed Venture Partners; SoftBank Vision Fund 2; Khosla Ventures; Y Combinator,https://www.bangalorestartupmap.com/company/emergent
Emerson India,,https://www.bangalorestartupmap.com/company/emerson-india
Emflux Motors,,https://www.bangalorestartupmap.com/company/emflux-motors
Emids,,https://www.bangalorestartupmap.com/company/emids
EMO Energy,,https://www.bangalorestartupmap.com/company/emo-energy
Emobi,,https://www.bangalorestartupmap.com/company/emobi
Emversity,Premji Invest; Lightspeed; Z47,https://www.bangalorestartupmap.com/company/emversity
Enfin Technologies,,https://www.bangalorestartupmap.com/company/enfin-technologies
Entropik,Bessemer Venture Partners; SIG Venture Capital,https://www.bangalorestartupmap.com/company/entropik
eonik,,https://www.bangalorestartupmap.com/company/eonik
Epic Slope Partners,,https://www.bangalorestartupmap.com/company/epic-slope-partners
Epik,,https://www.bangalorestartupmap.com/company/epik
Escape Plan,,https://www.bangalorestartupmap.com/company/escape-plan
Eternz,,https://www.bangalorestartupmap.com/company/eternz
Ethereal Machines,,https://www.bangalorestartupmap.com/company/ethereal-machines
EtherealX,,https://www.bangalorestartupmap.com/company/etherealx
ETO Motors,,https://www.bangalorestartupmap.com/company/eto-motors
Eurofins Advinus,,https://www.bangalorestartupmap.com/company/eurofins-advinus
Evam Labs,,https://www.bangalorestartupmap.com/company/evam-labs
Even Healthcare,Khosla Ventures; Alpha Wave Global; Aspada,https://www.bangalorestartupmap.com/company/even-healthcare
Exdera,,https://www.bangalorestartupmap.com/company/exdera
Exfinity Ventures,in early-stage B2B technology ventures www.exfinityventures.com,https://www.bangalorestartupmap.com/company/exfinity-ventures
Exotel,Steadview Capital; A91 Partners; Blume Ventures,https://www.bangalorestartupmap.com/company/exotel
Expedia Group India,,https://www.bangalorestartupmap.com/company/expedia-group-india
Exponent Energy,Lightspeed; Eight Roads Ventures; YourNest Venture Capital,https://www.bangalorestartupmap.com/company/exponent-energy
eyecandy robotics,Lightspeed; Founders Inc,https://www.bangalorestartupmap.com/company/eyecandy-robotics
Eyestem,Biological E; Alkem Laboratories,https://www.bangalorestartupmap.com/company/eyestem
Facets.cloud,,https://www.bangalorestartupmap.com/company/facets-cloud
Factors.ai,,https://www.bangalorestartupmap.com/company/factors-ai
Fam,Peak XV Partners; Elevation Capital; Y Combinator; General Catalyst; Venture Highway,https://www.bangalorestartupmap.com/company/fam
FamPay,,https://www.bangalorestartupmap.com/company/fampay
Fasal,,https://www.bangalorestartupmap.com/company/fasal
Felicity Games,,https://www.bangalorestartupmap.com/company/felicity-games
FermBox Bio,,https://www.bangalorestartupmap.com/company/fermbox-bio
Ferra,,https://www.bangalorestartupmap.com/company/ferra
Fi Money,Alpha Wave; Peak XV Partners; Ribbit Capital; B Capital,https://www.bangalorestartupmap.com/company/fi-money
Fibr AI,,https://www.bangalorestartupmap.com/company/fibr-ai
Filo,,https://www.bangalorestartupmap.com/company/filo
FinBox,A91 Partners; WestBridge Capital; Aditya Birla Ventures; Flipkart Ventures,https://www.bangalorestartupmap.com/company/finbox
FinGurus,,https://www.bangalorestartupmap.com/company/fingurus
Finmo,Quona Capital; PayPal Ventures; Citi Ventures; Blume Ventures; Accel,https://www.bangalorestartupmap.com/company/finmo
Finzy,,https://www.bangalorestartupmap.com/company/finzy
Fireside Ventures,,https://www.bangalorestartupmap.com/company/fireside-ventures
Firstclub,Accel; RTP Global; Peak XV Partners; Sofina; Paramark Ventures,https://www.bangalorestartupmap.com/company/firstclub
Fisdom,,https://www.bangalorestartupmap.com/company/fisdom
Fixxly,,https://www.bangalorestartupmap.com/company/fixxly
Flatheads,,https://www.bangalorestartupmap.com/company/flatheads
Flawskin,,https://www.bangalorestartupmap.com/company/flawskin
Flent,,https://www.bangalorestartupmap.com/company/flent
FlexiLoans,,https://www.bangalorestartupmap.com/company/flexiloans
Flipkart,Walmart; Tiger Global; SoftBank; Tencent; Accel,https://www.bangalorestartupmap.com/company/flipkart
Flipkart Ventures,,https://www.bangalorestartupmap.com/company/flipkart-ventures
Flo Mobility,,https://www.bangalorestartupmap.com/company/flo-mobility
FloBiz,Peak XV Partners; Elevation Capital; BEENEXT; Think Investments,https://www.bangalorestartupmap.com/company/flobiz
Floworks,Y Combinator; Entrepreneur First,https://www.bangalorestartupmap.com/company/floworks
Flowtrix,,https://www.bangalorestartupmap.com/company/flowtrix
Flux Auto,,https://www.bangalorestartupmap.com/company/flux-auto
FluxGen,,https://www.bangalorestartupmap.com/company/fluxgen
Focaloid Technologies,,https://www.bangalorestartupmap.com/company/focaloid-technologies
Fold Money,,https://www.bangalorestartupmap.com/company/fold-money
Fourth Frontier,,https://www.bangalorestartupmap.com/company/fourth-frontier
Fractal,,https://www.bangalorestartupmap.com/company/fractal
Frameo.ai,,https://www.bangalorestartupmap.com/company/frameo-ai
Freo,Peak XV Partners; Prime Venture Partners; MegaDelta Capital,https://www.bangalorestartupmap.com/company/freo
Fresh Bus,,https://www.bangalorestartupmap.com/company/fresh-bus
FreshMenu,Lightspeed; Zodius Capital,https://www.bangalorestartupmap.com/company/freshmenu
FreshToHome,Amazon; Investment Corporation of Dubai; Iron Pillar; Mount Judi Ventures,https://www.bangalorestartupmap.com/company/freshtohome
Freshworks,,https://www.bangalorestartupmap.com/company/freshworks
Frinks AI,,https://www.bangalorestartupmap.com/company/frinks-ai
FRND,,https://www.bangalorestartupmap.com/company/frnd
FrontRow,,https://www.bangalorestartupmap.com/company/frontrow
Frozen Bottle,,https://www.bangalorestartupmap.com/company/frozen-bottle
Furlenco,Lightbox Ventures; Zinnia Global; Cactus Venture Partners,https://www.bangalorestartupmap.com/company/furlenco
Fyle,Tiger Global; Steadview Capital; Freshworks; Beenext,https://www.bangalorestartupmap.com/company/fyle
Fyllo,India Quotient; SIDBI Venture Capital; Indian Angel Network,https://www.bangalorestartupmap.com/company/fyllo
Fyno,,https://www.bangalorestartupmap.com/company/fyno
GalaxEye,,https://www.bangalorestartupmap.com/company/galaxeye
GalaxEye Space,MountTech Growth Fund; Speciale Invest; Infosys; Mela Ventures,https://www.bangalorestartupmap.com/company/galaxeye-space
Gameberry Labs,,https://www.bangalorestartupmap.com/company/gameberry-labs
Gameskraft,,https://www.bangalorestartupmap.com/company/gameskraft
GameTheory,Rainmatter; Rohan Bopanna,https://www.bangalorestartupmap.com/company/gametheory
GaragePlug,Upekkha,https://www.bangalorestartupmap.com/company/garageplug
GE India Technology Centre,,https://www.bangalorestartupmap.com/company/ge-india-technology-centre
GeekyAnts,,https://www.bangalorestartupmap.com/company/geekyants
General Aeronautics,,https://www.bangalorestartupmap.com/company/general-aeronautics
General Autonomy,Elevation Capital; India Quotient; Spearhead Capital,https://www.bangalorestartupmap.com/company/general-autonomy
General Catalyst India,,https://www.bangalorestartupmap.com/company/general-catalyst-india
Genetic Nutrition,,https://www.bangalorestartupmap.com/company/genetic-nutrition
GetMyParking,,https://www.bangalorestartupmap.com/company/getmyparking
GharPayy,,https://www.bangalorestartupmap.com/company/gharpayy
GIVA,,https://www.bangalorestartupmap.com/company/giva
Glance,Google; Jio Platforms; Mithril Capital,https://www.bangalorestartupmap.com/company/glance
GlobalFair,,https://www.bangalorestartupmap.com/company/globalfair
Gnani.ai,Aavishkaar Capital; Info Edge Ventures,https://www.bangalorestartupmap.com/company/gnani-ai
GOAT Brand Labs,Tiger Global; Flipkart Ventures; Sixth Sense Ventures,https://www.bangalorestartupmap.com/company/goat-brand-labs
GoDesi,,https://www.bangalorestartupmap.com/company/godesi
GoKiwi,,https://www.bangalorestartupmap.com/company/gokiwi
Goldman Sachs Bengaluru,,https://www.bangalorestartupmap.com/company/goldman-sachs-bengaluru
GoodWorker,Temasek,https://www.bangalorestartupmap.com/company/goodworker
GoodWorkLabs,,https://www.bangalorestartupmap.com/company/goodworklabs
Google India,,https://www.bangalorestartupmap.com/company/google-india
GoSats,,https://www.bangalorestartupmap.com/company/gosats
goSTOPS,Blume Ventures; 1Crowd; Mumbai Angels; Indian Angel Network,https://www.bangalorestartupmap.com/company/gostops
GrabOnRent,IvyCap Ventures; Unicorn India Ventures,https://www.bangalorestartupmap.com/company/grabonrent
Gramener,,https://www.bangalorestartupmap.com/company/gramener
Great Learning,,https://www.bangalorestartupmap.com/company/great-learning
Groww,Tiger Global; Peak XV Partners; Ribbit Capital; Y Combinator; Coatue,https://www.bangalorestartupmap.com/company/groww
Gruhas,,https://www.bangalorestartupmap.com/company/gruhas
Gullak,,https://www.bangalorestartupmap.com/company/gullak
Gullynest,,https://www.bangalorestartupmap.com/company/gullynest
Gupshup,,https://www.bangalorestartupmap.com/company/gupshup
Gushwork,Lightspeed; B Capital; SIG,https://www.bangalorestartupmap.com/company/gushwork
HackCulture,,https://www.bangalorestartupmap.com/company/hackculture
HackerEarth,DHI Group; Prime Venture Partners; BEENEXT,https://www.bangalorestartupmap.com/company/hackerearth
HackerRank,Khosla Ventures; Battery Ventures; JMI Equity; Y Combinator,https://www.bangalorestartupmap.com/company/hackerrank
HalfBoiled Studios,,https://www.bangalorestartupmap.com/company/halfboiled-studios
Halodoc,,https://www.bangalorestartupmap.com/company/halodoc
Hansel.io,,https://www.bangalorestartupmap.com/company/hansel-io
Happiest Minds,,https://www.bangalorestartupmap.com/company/happiest-minds
Happilo,A91 Partners; Motilal Oswal Private Equity,https://www.bangalorestartupmap.com/company/happilo
Hashtaag,,https://www.bangalorestartupmap.com/company/hashtaag
Hasura,Greenoaks; Nexus Venture Partners; Lightspeed Venture Partners; Vertex Ventures,https://www.bangalorestartupmap.com/company/hasura
Hawky,,https://www.bangalorestartupmap.com/company/hawky
Headout,Nexus Venture Partners; Glade Brook Capital; 500 Startups; Version One Ventures,https://www.bangalorestartupmap.com/company/headout
HealthifyMe,Khosla Ventures; LeapFrog Investments; Sistema Asia Capital,https://www.bangalorestartupmap.com/company/healthifyme
HealthPlix,Lightspeed India; Chiratae Ventures,https://www.bangalorestartupmap.com/company/healthplix
Hector Beverages,Sofina; Peak XV Partners; A91 Partners,https://www.bangalorestartupmap.com/company/hector-beverages
Helium Homes,,https://www.bangalorestartupmap.com/company/helium-homes
Hevo Data,,https://www.bangalorestartupmap.com/company/hevo-data
Hexagram Fintech,,https://www.bangalorestartupmap.com/company/hexagram-fintech
HeyHomie,,https://www.bangalorestartupmap.com/company/heyhomie
Hippocampus Learning Centres,Acumen Fund; Lok Capital; Unitus Seed Fund; Asian Development Bank,https://www.bangalorestartupmap.com/company/hippocampus-learning-centres
Hirect,,https://www.bangalorestartupmap.com/company/hirect
Hold My Throttle,,https://www.bangalorestartupmap.com/company/hold-my-throttle
Holy Cow Productions,,https://www.bangalorestartupmap.com/company/holy-cow-productions
HomeLane,Accel; Peak XV Partners; WestBridge Capital,https://www.bangalorestartupmap.com/company/homelane
Honeywell Aerospace India,,https://www.bangalorestartupmap.com/company/honeywell-aerospace-india
Honeywell Technology Solutions,,https://www.bangalorestartupmap.com/company/honeywell-technology-solutions
House of Rare,A91 Partners,https://www.bangalorestartupmap.com/company/house-of-rare
HPE India,,https://www.bangalorestartupmap.com/company/hpe-india
HummingWave,,https://www.bangalorestartupmap.com/company/hummingwave
HungerBox,Paytm; Sabre Partners; LionRock Capital; Neoplux,https://www.bangalorestartupmap.com/company/hungerbox
Huron Eurasia India,,https://www.bangalorestartupmap.com/company/huron-eurasia-india
Hyperface,Kalaari Capital; 3one4 Capital,https://www.bangalorestartupmap.com/company/hyperface
Hypergro,Eternal Capital; Silver Needle Ventures; FAAD Network,https://www.bangalorestartupmap.com/company/hypergro
HyperVerge,New Enterprise Associates; Milliways Ventures,https://www.bangalorestartupmap.com/company/hyperverge
i-exceed,,https://www.bangalorestartupmap.com/company/i-exceed
i47 Labs,,https://www.bangalorestartupmap.com/company/i47-labs
iD Fresh Food,Premji Invest; TPG NewQuest; Sequoia Capital India; Helion Ventures,https://www.bangalorestartupmap.com/company/id-fresh-food
ideaForge,,https://www.bangalorestartupmap.com/company/ideaforge
Ideaspring Capital,,https://www.bangalorestartupmap.com/company/ideaspring-capital
Iden,,https://www.bangalorestartupmap.com/company/iden
Illumina India,,https://www.bangalorestartupmap.com/company/illumina-india
ILS Imperia,,https://www.bangalorestartupmap.com/company/ils-imperia
Immuneel Therapeutics,Eight Roads Ventures; F-Prime Capital; Rainmatter,https://www.bangalorestartupmap.com/company/immuneel-therapeutics
Impartus,Kaizen Private Equity,https://www.bangalorestartupmap.com/company/impartus
Increff,,https://www.bangalorestartupmap.com/company/increff
Incubate Fund Asia,,https://www.bangalorestartupmap.com/company/incubate-fund-asia
Indecimal Constructions,,https://www.bangalorestartupmap.com/company/indecimal-constructions
India Quotient,,https://www.bangalorestartupmap.com/company/india-quotient
IndiQube,,https://www.bangalorestartupmap.com/company/indiqube
Indronovation Labs,,https://www.bangalorestartupmap.com/company/indronovation-labs
Infineon Technologies India,,https://www.bangalorestartupmap.com/company/infineon-technologies-india
Infinity,,https://www.bangalorestartupmap.com/company/infinity
Infinity Learn,,https://www.bangalorestartupmap.com/company/infinity-learn
Infosys,,https://www.bangalorestartupmap.com/company/infosys
Infosys Innovation Fund,,https://www.bangalorestartupmap.com/company/infosys-innovation-fund
Infra.Market,,https://www.bangalorestartupmap.com/company/infra-market
Ingersoll Rand Technologies and Services,,https://www.bangalorestartupmap.com/company/ingersoll-rand-technologies-and-services
Inito,,https://www.bangalorestartupmap.com/company/inito
Inkers Technology,Lucky Investment Managers,https://www.bangalorestartupmap.com/company/inkers-technology
InMobi,SoftBank; Kleiner Perkins; Sherpalo Ventures,https://www.bangalorestartupmap.com/company/inmobi
Innovaccer,,https://www.bangalorestartupmap.com/company/innovaccer
Innoviti,Bessemer Venture Partners; Panthera Growth Partners; Patni Family Office,https://www.bangalorestartupmap.com/company/innoviti
InPrime Finserv,Pravega Ventures; Z47,https://www.bangalorestartupmap.com/company/inprime-finserv
Instamojo,Kalaari Capital; 500 Global; Times Internet; Mastercard; Beenext,https://www.bangalorestartupmap.com/company/instamojo
InsuranceDekho,,https://www.bangalorestartupmap.com/company/insurancedekho
Intel India,,https://www.bangalorestartupmap.com/company/intel-india
Intello Labs,,https://www.bangalorestartupmap.com/company/intello-labs
Interact AI,,https://www.bangalorestartupmap.com/company/interact-ai
Interview Kickstart,,https://www.bangalorestartupmap.com/company/interview-kickstart
Intugine Technologies,,https://www.bangalorestartupmap.com/company/intugine-technologies
Intuit India,,https://www.bangalorestartupmap.com/company/intuit-india
Invento Robotics,,https://www.bangalorestartupmap.com/company/invento-robotics
Ionage,,https://www.bangalorestartupmap.com/company/ionage
iQGateway,,https://www.bangalorestartupmap.com/company/iqgateway
IQnext,,https://www.bangalorestartupmap.com/company/iqnext
Iron Pillar,,https://www.bangalorestartupmap.com/company/iron-pillar
Ivy Homes,,https://www.bangalorestartupmap.com/company/ivy-homes
Janitri,,https://www.bangalorestartupmap.com/company/janitri
Janitri Innovations,Villgro; BIRAC; Bill & Melinda Gates Foundation,https://www.bangalorestartupmap.com/company/janitri-innovations
Jar,Tiger Global; Tribe Capital; Arkam Ventures; WEH Ventures,https://www.bangalorestartupmap.com/company/jar
Jaro Education,,https://www.bangalorestartupmap.com/company/jaro-education
Java Capital,,https://www.bangalorestartupmap.com/company/java-capital
Jhana,,https://www.bangalorestartupmap.com/company/jhana
Jivabhumi,,https://www.bangalorestartupmap.com/company/jivabhumi
Jivox,,https://www.bangalorestartupmap.com/company/jivox
Jodaro,Fundamental VC,https://www.bangalorestartupmap.com/company/jodaro
Jodo,Elevation Capital; Tiger Global,https://www.bangalorestartupmap.com/company/jodo
JPMorgan Chase Bengaluru,,https://www.bangalorestartupmap.com/company/jpmorgan-chase-bengaluru
Jubilant Biosys,,https://www.bangalorestartupmap.com/company/jubilant-biosys
Jumbo Homes,,https://www.bangalorestartupmap.com/company/jumbo-homes
Jumbotail,Kalaari Capital; Nexus Venture Partners; Discovery Nusantara; Heron Rock,https://www.bangalorestartupmap.com/company/jumbotail
Juntrax,,https://www.bangalorestartupmap.com/company/juntrax
Jupiter,Tiger Global; Peak XV Partners; Matrix Partners; Nubank; QED Investors,https://www.bangalorestartupmap.com/company/jupiter
Jurisphere,,https://www.bangalorestartupmap.com/company/jurisphere
Juspay,SoftBank Vision Fund; Accel; VEF; Wellington Management,https://www.bangalorestartupmap.com/company/juspay
kAIgentic,SMBC Group,https://www.bangalorestartupmap.com/company/kaigentic
Kalaari Capital,,https://www.bangalorestartupmap.com/company/kalaari-capital
Kaleyra,,https://www.bangalorestartupmap.com/company/kaleyra
Kalvium,,https://www.bangalorestartupmap.com/company/kalvium
Kapiva,,https://www.bangalorestartupmap.com/company/kapiva
Kapture CX,,https://www.bangalorestartupmap.com/company/kapture-cx
Karbon Card,Olive Tree Capital; Orios Venture Partners; Y Combinator,https://www.bangalorestartupmap.com/company/karbon-card
Kazam,,https://www.bangalorestartupmap.com/company/kazam
Keka,,https://www.bangalorestartupmap.com/company/keka
Kenko,,https://www.bangalorestartupmap.com/company/kenko
Khan Saheb Foods,,https://www.bangalorestartupmap.com/company/khan-saheb-foods
Khatabook,Peak XV Partners; Tiger Global; Y Combinator; RTP Global,https://www.bangalorestartupmap.com/company/khatabook
Kinara Capital,,https://www.bangalorestartupmap.com/company/kinara-capital
Kirana Club,,https://www.bangalorestartupmap.com/company/kirana-club
Klub,Peak XV Surge; Alter Global; 9Unicorns; Trifecta Capital; Northern Arc Capital,https://www.bangalorestartupmap.com/company/klub
Knit,Endiya Partners; Axilor Ventures,https://www.bangalorestartupmap.com/company/knit
Kofluence,Upsparks; Nikhil Kamath; Kunal Shah,https://www.bangalorestartupmap.com/company/kofluence
Komplai,,https://www.bangalorestartupmap.com/company/komplai
Koo,,https://www.bangalorestartupmap.com/company/koo
Kouzina Food Tech,Lighthouse Canton,https://www.bangalorestartupmap.com/company/kouzina-food-tech
Kredily,Riverwalk Holdings,https://www.bangalorestartupmap.com/company/kredily
KreditBee,Premji Invest; Motilal Oswal; TPG; Mirae Asset,https://www.bangalorestartupmap.com/company/kreditbee
KredX,,https://www.bangalorestartupmap.com/company/kredx
Krutrim,Matrix Partners India; Z47,https://www.bangalorestartupmap.com/company/krutrim
Kuku FM,Fundamentum Partnership; Krafton; Nexus Venture Partners; Verlinvest,https://www.bangalorestartupmap.com/company/kuku-fm
Kutumb,,https://www.bangalorestartupmap.com/company/kutumb
Kuvera,,https://www.bangalorestartupmap.com/company/kuvera
Labra,Illuminate Ventures; Ulu Ventures,https://www.bangalorestartupmap.com/company/labra
Lam Research India,,https://www.bangalorestartupmap.com/company/lam-research-india
LatentForce,Ideaspring Capital; Yali Capital,https://www.bangalorestartupmap.com/company/latentforce
LatentView Analytics,,https://www.bangalorestartupmap.com/company/latentview-analytics
Lavelle Networks,YourNest; Ideaspring Capital; Bharti Airtel,https://www.bangalorestartupmap.com/company/lavelle-networks
Lawberry,,https://www.bangalorestartupmap.com/company/lawberry
LEAD School,,https://www.bangalorestartupmap.com/company/lead-school
LeadSquared,WestBridge Capital; Gaja Capital,https://www.bangalorestartupmap.com/company/leadsquared
Leap,Owl Ventures; Peak XV Partners; Jungle Ventures; Harvard Management Company,https://www.bangalorestartupmap.com/company/leap
Lendingkart,,https://www.bangalorestartupmap.com/company/lendingkart
LetsEndorse,,https://www.bangalorestartupmap.com/company/letsendorse
LetsVenture,,https://www.bangalorestartupmap.com/company/letsventure
Leucine,,https://www.bangalorestartupmap.com/company/leucine
Licious,Temasek; Multiples; Amansa; 3one4 Capital; Bertelsmann,https://www.bangalorestartupmap.com/company/licious
LightFury Games,Blume Ventures; V3 Ventures; MIXI; Times Internet,https://www.bangalorestartupmap.com/company/lightfury-games
Lighthouse Canton,,https://www.bangalorestartupmap.com/company/lighthouse-canton
Lightspeed India Partners,,https://www.bangalorestartupmap.com/company/lightspeed-india-partners
LILA Games,BITKRAFT Ventures; Rainfall Ventures,https://www.bangalorestartupmap.com/company/lila-games
LinkedIn India,,https://www.bangalorestartupmap.com/company/linkedin-india
Linkrunner,,https://www.bangalorestartupmap.com/company/linkrunner
Lithium Urban Technologies,,https://www.bangalorestartupmap.com/company/lithium-urban-technologies
Livspace,KKR; Ingka Group; Peak XV Partners; Jungle Ventures,https://www.bangalorestartupmap.com/company/livspace
LKQ India,,https://www.bangalorestartupmap.com/company/lkq-india
LLMLab,,https://www.bangalorestartupmap.com/company/llmlab
LoadShare Networks,,https://www.bangalorestartupmap.com/company/loadshare-networks
Locale.ai,,https://www.bangalorestartupmap.com/company/locale-ai
LocalHost HQ,,https://www.bangalorestartupmap.com/company/localhost-hq
Loco,Hashed; Makers Fund; Catamaran Ventures; Krafton,https://www.bangalorestartupmap.com/company/loco
Locus,GIC; Tiger Global; Falcon Edge Capital; Qualcomm Ventures; Blume Ventures,https://www.bangalorestartupmap.com/company/locus
Log9 Materials,Amara Raja; Petronas; Sequoia Surge; Exfinity,https://www.bangalorestartupmap.com/company/log9-materials
Lokal,Sony Innovation Fund; India Quotient; Global Brain,https://www.bangalorestartupmap.com/company/lokal
Loop Health,Peak XV Partners; Elevation Capital; General Catalyst,https://www.bangalorestartupmap.com/company/loop-health
Loopworm,,https://www.bangalorestartupmap.com/company/loopworm
Lowe's India,,https://www.bangalorestartupmap.com/company/lowe-s-india
Luckd,,https://www.bangalorestartupmap.com/company/luckd
Lumio,,https://www.bangalorestartupmap.com/company/lumio
Lyzr,,https://www.bangalorestartupmap.com/company/lyzr
Mad Over Buildings,,https://www.bangalorestartupmap.com/company/mad-over-buildings
Mad Street Den,,https://www.bangalorestartupmap.com/company/mad-street-den
Marvell India,,https://www.bangalorestartupmap.com/company/marvell-india
Masai School,Omidyar Network India; Unitus Ventures; India Quotient,https://www.bangalorestartupmap.com/company/masai-school
Master Traders Academy,,https://www.bangalorestartupmap.com/company/master-traders-academy
Material Depot,Y Combinator,https://www.bangalorestartupmap.com/company/material-depot
Matiks,Tanglin Ventures; Info Edge Ventures,https://www.bangalorestartupmap.com/company/matiks
Matters,,https://www.bangalorestartupmap.com/company/matters
Mave Health,Blume Ventures; All In Capital; Inuka Capital,https://www.bangalorestartupmap.com/company/mave-health
Maxim AI,Elevation Capital,https://www.bangalorestartupmap.com/company/maxim-ai
Maximem AI,,https://www.bangalorestartupmap.com/company/maximem-ai
Mayhem Studios,,https://www.bangalorestartupmap.com/company/mayhem-studios
Medfin,,https://www.bangalorestartupmap.com/company/medfin
MedGenome,,https://www.bangalorestartupmap.com/company/medgenome
Medi Assist,Bessemer Venture Partners; Investcorp,https://www.bangalorestartupmap.com/company/medi-assist
Medial,,https://www.bangalorestartupmap.com/company/medial
MediaTek India,,https://www.bangalorestartupmap.com/company/mediatek-india
MediBuddy,Quadria Capital; Bessemer Venture Partners; TEAMFund,https://www.bangalorestartupmap.com/company/medibuddy
MedPay,Entrepreneur First; growX Ventures; Sony Innovation Fund,https://www.bangalorestartupmap.com/company/medpay
MedTel Healthcare,Technology Development Board; BonBillo,https://www.bangalorestartupmap.com/company/medtel-healthcare
Meesho,Peak XV Partners; SoftBank Vision Fund; Prosus Ventures; Fidelity; Elevation Capital,https://www.bangalorestartupmap.com/company/meesho
Mela Ventures,,https://www.bangalorestartupmap.com/company/mela-ventures
Melorra,Lightbox; Symphony International; Vertex Ventures,https://www.bangalorestartupmap.com/company/melorra
Menler,,https://www.bangalorestartupmap.com/company/menler
Mensa Brands,Accel; Alpha Wave Global; Norwest Venture Partners; Tiger Global; Prosus Ventures,https://www.bangalorestartupmap.com/company/mensa-brands
Menterra Venture Advisors,,https://www.bangalorestartupmap.com/company/menterra-venture-advisors
Mercari India,,https://www.bangalorestartupmap.com/company/mercari-india
Mercedes-Benz R&D India,,https://www.bangalorestartupmap.com/company/mercedes-benz-r-d-india
Mercedes-Benz Research & Development India,,https://www.bangalorestartupmap.com/company/mercedes-benz-research-and-development-india
Mercer Mettl,,https://www.bangalorestartupmap.com/company/mercer-mettl
Mesa School of Business,Elevation Capital,https://www.bangalorestartupmap.com/company/mesa-school-of-business
MeshDefend,,https://www.bangalorestartupmap.com/company/meshdefend
Metaforms AI,,https://www.bangalorestartupmap.com/company/metaforms-ai
Mezink,,https://www.bangalorestartupmap.com/company/mezink
mfine,,https://www.bangalorestartupmap.com/company/mfine
Micelio Fund,,https://www.bangalorestartupmap.com/company/micelio-fund
Micron Technology India,,https://www.bangalorestartupmap.com/company/micron-technology-india
Microsoft India Development Center,,https://www.bangalorestartupmap.com/company/microsoft-india-development-center
Mili,,https://www.bangalorestartupmap.com/company/mili
Mimyk,,https://www.bangalorestartupmap.com/company/mimyk
Moat School,,https://www.bangalorestartupmap.com/company/moat-school
MobFixer,,https://www.bangalorestartupmap.com/company/mobfixer
Mobile Premier League,Peak XV Partners; Times Internet,https://www.bangalorestartupmap.com/company/mobile-premier-league
Mobiux Labs,,https://www.bangalorestartupmap.com/company/mobiux-labs
MoEngage,Goldman Sachs Asset Management; B Capital; Steadfast Capital; Eight Roads Ventures; Matrix Partners,https://www.bangalorestartupmap.com/company/moengage
Moglix,,https://www.bangalorestartupmap.com/company/moglix
Mokobara,Peak XV Partners; Sauce VC; Saama Capital,https://www.bangalorestartupmap.com/company/mokobara
Molbio Diagnostics,,https://www.bangalorestartupmap.com/company/molbio-diagnostics
MoneyTap,,https://www.bangalorestartupmap.com/company/moneytap
Monks of Method,,https://www.bangalorestartupmap.com/company/monks-of-method
Moonfrog Labs,Peak XV Partners; Tiger Global,https://www.bangalorestartupmap.com/company/moonfrog-labs
Moonrider,,https://www.bangalorestartupmap.com/company/moonrider
MoveInSync,Athera Venture Partners; Bertelsmann India Investments,https://www.bangalorestartupmap.com/company/moveinsync
Mowito,,https://www.bangalorestartupmap.com/company/mowito
Moxo,,https://www.bangalorestartupmap.com/company/moxo
Mphasis,,https://www.bangalorestartupmap.com/company/mphasis
Mu Sigma,General Atlantic; Sequoia Capital; MasterCard,https://www.bangalorestartupmap.com/company/mu-sigma
Mudrex,,https://www.bangalorestartupmap.com/company/mudrex
Multibhashi,Axilor Ventures; Startup Oasis,https://www.bangalorestartupmap.com/company/multibhashi
Multipl,,https://www.bangalorestartupmap.com/company/multipl
Multiply Ventures,,https://www.bangalorestartupmap.com/company/multiply-ventures
Myelin Foundry,,https://www.bangalorestartupmap.com/company/myelin-foundry
MyFi,,https://www.bangalorestartupmap.com/company/myfi
MyGate,Tiger Global; Tencent; Prime Venture Partners; JS Capital,https://www.bangalorestartupmap.com/company/mygate
Myntra,,https://www.bangalorestartupmap.com/company/myntra
Mystree,,https://www.bangalorestartupmap.com/company/mystree
Nadathur Holdings & Investments,,https://www.bangalorestartupmap.com/company/nadathur-holdings-investments
Nanonets,Accel; Elevation Capital; Y Combinator,https://www.bangalorestartupmap.com/company/nanonets
Napses Technologies,,https://www.bangalorestartupmap.com/company/napses-technologies
Navi,,https://www.bangalorestartupmap.com/company/navi
Naviget,,https://www.bangalorestartupmap.com/company/naviget
Nemocare,,https://www.bangalorestartupmap.com/company/nemocare
Neokred,,https://www.bangalorestartupmap.com/company/neokred
Neon Fund,,https://www.bangalorestartupmap.com/company/neon-fund
NeoStats,,https://www.bangalorestartupmap.com/company/neostats
Nestaway,,https://www.bangalorestartupmap.com/company/nestaway
NestAway Technologies,Tiger Global; Goldman Sachs; IDG Ventures; Yuri Milner,https://www.bangalorestartupmap.com/company/nestaway-technologies
Netradyne,,https://www.bangalorestartupmap.com/company/netradyne
NeuralGarage,Exfinity Ventures; RAAY Global,https://www.bangalorestartupmap.com/company/neuralgarage
NeuralKart,,https://www.bangalorestartupmap.com/company/neuralkart
Neuralway Technologies,,https://www.bangalorestartupmap.com/company/neuralway-technologies
Neuranics Lab,,https://www.bangalorestartupmap.com/company/neuranics-lab
NEWME,Fireside Ventures; Accel; InnoVen Capital,https://www.bangalorestartupmap.com/company/newme
NewSpace Research,,https://www.bangalorestartupmap.com/company/newspace-research
Newton School,RTP Global; Nexus Venture Partners,https://www.bangalorestartupmap.com/company/newton-school
Newtrace,,https://www.bangalorestartupmap.com/company/newtrace
Nexus Venture Partners,,https://www.bangalorestartupmap.com/company/nexus-venture-partners
Nexvora Innovations,,https://www.bangalorestartupmap.com/company/nexvora-innovations
NimbleBox.ai,,https://www.bangalorestartupmap.com/company/nimblebox-ai
Ninjacart,Flipkart; Walmart; Tiger Global; Accel; Syngenta Ventures,https://www.bangalorestartupmap.com/company/ninjacart
Ninth Dimension IT Solutions,,https://www.bangalorestartupmap.com/company/ninth-dimension-it-solutions
Niqo Robotics,,https://www.bangalorestartupmap.com/company/niqo-robotics
Niramai,Dream Incubator; pi Ventures; Beenext,https://www.bangalorestartupmap.com/company/niramai
Niyo,Accel; Lightrock; Prime Venture Partners; Tencent,https://www.bangalorestartupmap.com/company/niyo
NoBroker,General Atlantic; Tiger Global; Google; Elevation Capital,https://www.bangalorestartupmap.com/company/nobroker
Northern Arc Capital,,https://www.bangalorestartupmap.com/company/northern-arc-capital
Nova Benefits,Union Square Ventures; Think Investments,https://www.bangalorestartupmap.com/company/nova-benefits
Novo Nordisk India,,https://www.bangalorestartupmap.com/company/novo-nordisk-india
Novopay,Khosla Impact; IDFC,https://www.bangalorestartupmap.com/company/novopay
Nuclei,,https://www.bangalorestartupmap.com/company/nuclei
Numen Health,,https://www.bangalorestartupmap.com/company/numen-health
Nunam,Audi Environmental Foundation,https://www.bangalorestartupmap.com/company/nunam
Nurix AI,Accel; General Catalyst; Meraki Labs,https://www.bangalorestartupmap.com/company/nurix-ai
Nutanix India,,https://www.bangalorestartupmap.com/company/nutanix-india
NVIDIA India,,https://www.bangalorestartupmap.com/company/nvidia-india
NXP Semiconductors India,,https://www.bangalorestartupmap.com/company/nxp-semiconductors-india
O4H (Order For Health),,https://www.bangalorestartupmap.com/company/o4h-order-for-health
OakNorth India,,https://www.bangalorestartupmap.com/company/oaknorth-india
Oben Electric,Kuberan Ventures; Karimjee Group; Ambis Holding,https://www.bangalorestartupmap.com/company/oben-electric
Obopay,,https://www.bangalorestartupmap.com/company/obopay
Observe.ai,SoftBank Vision Fund; Menlo Ventures; Scale Venture Partners; Nexus Venture Partners,https://www.bangalorestartupmap.com/company/observeai
Offlyn,,https://www.bangalorestartupmap.com/company/offlyn
Okay Done Media,,https://www.bangalorestartupmap.com/company/okay-done-media
OkCredit,Tiger Global; Peak XV Partners; Lightspeed,https://www.bangalorestartupmap.com/company/okcredit
Ola,SoftBank; Tiger Global; Matrix Partners; Tencent; Temasek; Steadview Capital,https://www.bangalorestartupmap.com/company/ola
Ola Electric,SoftBank Vision Fund; Temasek; Tiger Global,https://www.bangalorestartupmap.com/company/ola-electric
OLake,Equirus InnovateX Fund,https://www.bangalorestartupmap.com/company/olake
Omnivore,,https://www.bangalorestartupmap.com/company/omnivore
OnArrival,Antler India; 8i Ventures,https://www.bangalorestartupmap.com/company/onarrival
Onco,Accel; Rainmatter Capital; Alteria Capital,https://www.bangalorestartupmap.com/company/onco
OnFinance AI,Peak XV Partners; Silverneedle Ventures; IAN Group,https://www.bangalorestartupmap.com/company/onfinance-ai
ONO,Aeravti Ventures; Indigram Labs; Tremis Capital,https://www.bangalorestartupmap.com/company/ono
Onsurity,Creaegis; Quona Capital; Nexus Venture Partners; IFC,https://www.bangalorestartupmap.com/company/onsurity
Oolka,Accel; Lightspeed; Z47,https://www.bangalorestartupmap.com/company/oolka
Open Financial,Tiger Global; Temasek; Google; Visa; 3one4 Capital,https://www.bangalorestartupmap.com/company/open-financial
Oracle India,,https://www.bangalorestartupmap.com/company/oracle-india
Orange Health Labs,Accel; General Catalyst; Bertelsmann India Investments; Amazon Smbhav Venture Fund,https://www.bangalorestartupmap.com/company/orange-health-labs
Origamis AI,,https://www.bangalorestartupmap.com/company/origamis-ai
Ossus Biorenewables,,https://www.bangalorestartupmap.com/company/ossus-biorenewables
OutFlo AI,,https://www.bangalorestartupmap.com/company/outflo-ai
Ownpath,,https://www.bangalorestartupmap.com/company/ownpath
Pandorum Technologies,,https://www.bangalorestartupmap.com/company/pandorum-technologies
Panoculon Labs,Finvolve; India Accelerator,https://www.bangalorestartupmap.com/company/panoculon-labs
Parspec,Threshold Ventures; Innovation Endeavors,https://www.bangalorestartupmap.com/company/parspec
PayCrunch,,https://www.bangalorestartupmap.com/company/paycrunch
PayPal India,,https://www.bangalorestartupmap.com/company/paypal-india
Pazcare,,https://www.bangalorestartupmap.com/company/pazcare
Peak XV Partners,,https://www.bangalorestartupmap.com/company/peak-xv-partners
Pendios Technologies,,https://www.bangalorestartupmap.com/company/pendios-technologies
Pentavalent Bio Sciences,,https://www.bangalorestartupmap.com/company/pentavalent-bio-sciences
Peoplebox,Y Combinator; 8VC; Ridge Ventures,https://www.bangalorestartupmap.com/company/peoplebox
Peoplecom Technologies,,https://www.bangalorestartupmap.com/company/peoplecom-technologies
PeopleStrong,,https://www.bangalorestartupmap.com/company/peoplestrong
Perfios,Kedaara Capital; Bessemer Venture Partners; Warburg Pincus; Teachers' Venture Growth,https://www.bangalorestartupmap.com/company/perfios
Perpule,Kalaari Capital; Venture Highway,https://www.bangalorestartupmap.com/company/perpule
Philips Innovation Campus Bangalore,,https://www.bangalorestartupmap.com/company/philips-innovation-campus-bangalore
PhonePe,Walmart; General Atlantic; Ribbit Capital; Tiger Global; Qatar Investment Authority,https://www.bangalorestartupmap.com/company/phonepe
Physera AI,,https://www.bangalorestartupmap.com/company/physera-ai
PhysicsWallah,,https://www.bangalorestartupmap.com/company/physicswallah
pi Ventures,,https://www.bangalorestartupmap.com/company/pi-ventures
Pibit.ai,,https://www.bangalorestartupmap.com/company/pibit-ai
Pickcel,,https://www.bangalorestartupmap.com/company/pickcel
Pinegap,,https://www.bangalorestartupmap.com/company/pinegap
Pipeshift,,https://www.bangalorestartupmap.com/company/pipeshift
Pitstop,,https://www.bangalorestartupmap.com/company/pitstop
Pixis,General Atlantic; Touring Capital; Celesta Capital; Chiratae Ventures,https://www.bangalorestartupmap.com/company/pixis
Pixxel,Google; Radical Ventures; Lightspeed; Glade Brook Capital,https://www.bangalorestartupmap.com/company/pixxel
PlayShifu,Chiratae Ventures; Inventus Capital; Bharat Innovation Fund,https://www.bangalorestartupmap.com/company/playshifu
PlaySimple Games,,https://www.bangalorestartupmap.com/company/playsimple-games
Plum,Tiger Global; Peak XV Partners; Gradient Ventures; Tanglin Venture Partners,https://www.bangalorestartupmap.com/company/plum
Pocket FM,Lightspeed Venture Partners; StepStone Group; Tencent,https://www.bangalorestartupmap.com/company/pocket-fm
PointOne Capital,,https://www.bangalorestartupmap.com/company/pointone-capital
Portea Medical,Accel; Ventureast; IFC; Qualcomm Ventures,https://www.bangalorestartupmap.com/company/portea-medical
Porter,Kedaara Capital; Wellington Management; Peak XV Partners; Tiger Global,https://www.bangalorestartupmap.com/company/porter
Portkey AI,Lightspeed,https://www.bangalorestartupmap.com/company/portkey-ai
Postman,Insight Partners; CRV; Nexus Venture Partners; Battery Ventures; Coatue,https://www.bangalorestartupmap.com/company/postman
Powerplay,Accel; India Quotient; Surge; Alpha Wave,https://www.bangalorestartupmap.com/company/powerplay
Practo,Tencent; Peak XV Partners; Matrix Partners; Sofina; Google Capital,https://www.bangalorestartupmap.com/company/practo
PRAD Initiatives,,https://www.bangalorestartupmap.com/company/prad-initiatives
Pratilipi,Krafton; Nexus Venture Partners; Omidyar Network India; Qualcomm Ventures; Times Internet,https://www.bangalorestartupmap.com/company/pratilipi
Pratt & Whitney India,,https://www.bangalorestartupmap.com/company/pratt-whitney-india
Pravaig Dynamics,,https://www.bangalorestartupmap.com/company/pravaig-dynamics
Pre6,,https://www.bangalorestartupmap.com/company/pre6
Predible Health,Unitus Ventures; Capria Ventures,https://www.bangalorestartupmap.com/company/predible-health
Premji Invest,,https://www.bangalorestartupmap.com/company/premji-invest
Prime Venture Partners,,https://www.bangalorestartupmap.com/company/prime-venture-partners
Primetrace,,https://www.bangalorestartupmap.com/company/primetrace
Prismforce,Peak XV Partners,https://www.bangalorestartupmap.com/company/prismforce
Proactive For Her,Peak XV Partners,https://www.bangalorestartupmap.com/company/proactive-for-her
Probe42,Accel,https://www.bangalorestartupmap.com/company/probe42
Pronto,General Catalyst; Glade Brook Capital; Bain Capital Ventures,https://www.bangalorestartupmap.com/company/pronto
Propsoch,Athera Venture Partners; Sparrow Capital; Vakil Group,https://www.bangalorestartupmap.com/company/propsoch
PthinkS,,https://www.bangalorestartupmap.com/company/pthinks
Pulse Energy,,https://www.bangalorestartupmap.com/company/pulse-energy
Purple Block,,https://www.bangalorestartupmap.com/company/purple-block
QNu Labs,National Quantum Mission; Speciale Invest; Tenacity Ventures,https://www.bangalorestartupmap.com/company/qnu-labs
QpiAI,Avataar Ventures; National Quantum Mission; SIDBI Venture Capital; YourNest,https://www.bangalorestartupmap.com/company/qpiai
Qualcomm India,,https://www.bangalorestartupmap.com/company/qualcomm-india
Qualcomm Ventures,,https://www.bangalorestartupmap.com/company/qualcomm-ventures
Quash,,https://www.bangalorestartupmap.com/company/quash
Quick Ride,,https://www.bangalorestartupmap.com/company/quick-ride
QuiD,Mint Cap Enterprises; Stone Park Capital,https://www.bangalorestartupmap.com/company/quid
quso.ai,,https://www.bangalorestartupmap.com/company/quso-ai
RagaAI,pi Ventures; Anorak Ventures; TenOneTen Ventures,https://www.bangalorestartupmap.com/company/ragaai
Rainmatter Capital,,https://www.bangalorestartupmap.com/company/rainmatter-capital
Rakuten India,,https://www.bangalorestartupmap.com/company/rakuten-india
Rambus Chip Technologies India,,https://www.bangalorestartupmap.com/company/rambus-chip-technologies-india
Rapido,WestBridge Capital; Nexus Venture Partners; Prosus; Swiggy,https://www.bangalorestartupmap.com/company/rapido
Razorpay,Tiger Global; Peak XV Partners; GIC; Lone Pine Capital; TCV; Y Combinator,https://www.bangalorestartupmap.com/company/razorpay
Rebright Partners,,https://www.bangalorestartupmap.com/company/rebright-partners
Recko,Vertex Ventures SEA & India; Prime Venture Partners,https://www.bangalorestartupmap.com/company/recko
Reckonsys,,https://www.bangalorestartupmap.com/company/reckonsys
Recruit41,,https://www.bangalorestartupmap.com/company/recruit41
Recur Club,,https://www.bangalorestartupmap.com/company/recur-club
Recykal,,https://www.bangalorestartupmap.com/company/recykal
Redwing Labs,,https://www.bangalorestartupmap.com/company/redwing-labs
Refyne,QED Investors; Tiger Global; RTP Global,https://www.bangalorestartupmap.com/company/refyne
Renesas India,,https://www.bangalorestartupmap.com/company/renesas-india
RentoMojo,,https://www.bangalorestartupmap.com/company/rentomojo
Repello AI,,https://www.bangalorestartupmap.com/company/repello-ai
Rephrase.ai,,https://www.bangalorestartupmap.com/company/rephrase-ai
Responsr,,https://www.bangalorestartupmap.com/company/responsr
Respyr,,https://www.bangalorestartupmap.com/company/respyr
Reticket,,https://www.bangalorestartupmap.com/company/reticket
Revspot,,https://www.bangalorestartupmap.com/company/revspot
Rightfit,,https://www.bangalorestartupmap.com/company/rightfit
Rigi,Elevation Capital; Accel; Stellaris Venture Partners; Peak XV Partners,https://www.bangalorestartupmap.com/company/rigi
Ringg AI,Arkam Ventures; Groww Founder Fund; Kunal Shah,https://www.bangalorestartupmap.com/company/ringg-ai
Rippling,,https://www.bangalorestartupmap.com/company/rippling
Ripplr,Fireside Ventures; 3one4 Capital; Zephyr Peacock; Sojitz Corporation,https://www.bangalorestartupmap.com/company/ripplr
Riskcovry,,https://www.bangalorestartupmap.com/company/riskcovry
River,Yamaha Motor; Al-Futtaim Automotive; Lowercarbon Capital; Toyota Ventures,https://www.bangalorestartupmap.com/company/river
River Mobility,,https://www.bangalorestartupmap.com/company/river-mobility
RoaDo,,https://www.bangalorestartupmap.com/company/roado
Rocketium,Blume Ventures; Emergent Ventures; 1Crowd,https://www.bangalorestartupmap.com/company/rocketium
Rolls-Royce India,,https://www.bangalorestartupmap.com/company/rolls-royce-india
RootFi,,https://www.bangalorestartupmap.com/company/rootfi
RTP Global,,https://www.bangalorestartupmap.com/company/rtp-global
Runamarga,,https://www.bangalorestartupmap.com/company/runamarga
Rupeek,Peak XV Partners; Accel; Bertelsmann; Lightbox,https://www.bangalorestartupmap.com/company/rupeek
Rupifi,Bessemer Venture Partners; Tiger Global; Quona Capital,https://www.bangalorestartupmap.com/company/rupifi
Saahas Zero Waste,,https://www.bangalorestartupmap.com/company/saahas-zero-waste
Saama Capital,,https://www.bangalorestartupmap.com/company/saama-capital
Sabre India,,https://www.bangalorestartupmap.com/company/sabre-india
Safran India,,https://www.bangalorestartupmap.com/company/safran-india
Sahaj Software,,https://www.bangalorestartupmap.com/company/sahaj-software
Sahi,Accel; Elevation Capital,https://www.bangalorestartupmap.com/company/sahi
Salesforce India,,https://www.bangalorestartupmap.com/company/salesforce-india
Salesken,Peak XV Partners; M12 (Microsoft); Unitus Ventures,https://www.bangalorestartupmap.com/company/salesken
Samkhya,Upekkha,https://www.bangalorestartupmap.com/company/samkhya
Samosa Party,,https://www.bangalorestartupmap.com/company/samosa-party
Samsung R&D Institute India,,https://www.bangalorestartupmap.com/company/samsung-r-d-institute-india
Samsung R&D Institute India-Bangalore,,https://www.bangalorestartupmap.com/company/samsung-r-and-d-institute-india-bangalore
SAP Labs India,,https://www.bangalorestartupmap.com/company/sap-labs-india
Sarvam AI,Lightspeed; Peak XV Partners; Khosla Ventures; Bessemer Venture Partners,https://www.bangalorestartupmap.com/company/sarvam-ai
SatSure,Baring Private Equity Partners India; Promus Ventures; Omidyar Network India,https://www.bangalorestartupmap.com/company/satsure
Saviynt India,,https://www.bangalorestartupmap.com/company/saviynt-india
Scalekit,,https://www.bangalorestartupmap.com/company/scalekit
Scaler,Lightrock; Peak XV Partners; Tiger Global,https://www.bangalorestartupmap.com/company/scaler
Scapia,,https://www.bangalorestartupmap.com/company/scapia
Schneider Electric India,,https://www.bangalorestartupmap.com/company/schneider-electric-india
Scripbox,Accel; Omidyar Network; Bharat Inclusion Seed Fund,https://www.bangalorestartupmap.com/company/scripbox
Sea6 Energy,Aqua-Spark; BASF Venture Capital; Silverstrand Capital; Tata Capital,https://www.bangalorestartupmap.com/company/sea6-energy
Seafund,,https://www.bangalorestartupmap.com/company/seafund
Seasaw AI,,https://www.bangalorestartupmap.com/company/seasaw-ai
SECUREU,,https://www.bangalorestartupmap.com/company/secureu
SeedlingLabs,,https://www.bangalorestartupmap.com/company/seedlinglabs
Seedolabs,,https://www.bangalorestartupmap.com/company/seedolabs
Seekho,Lightspeed Venture Partners; Bessemer Venture Partners; Elevation Capital,https://www.bangalorestartupmap.com/company/seekho
Segmind,,https://www.bangalorestartupmap.com/company/segmind
SellerGeni,Pentathlon Ventures; Faad Network,https://www.bangalorestartupmap.com/company/sellergeni
Sensa Robotics,,https://www.bangalorestartupmap.com/company/sensa-robotics
Sensara,,https://www.bangalorestartupmap.com/company/sensara
Senseforth.ai,,https://www.bangalorestartupmap.com/company/senseforth-ai
Settl.,,https://www.bangalorestartupmap.com/company/settl
Setu,Pine Labs; Falcon Edge; Lightspeed; Bharat Inclusion Seed Fund,https://www.bangalorestartupmap.com/company/setu
Shadowfax,Flipkart; Mirae Asset; TPG NewQuest; Qualcomm; Eight Roads,https://www.bangalorestartupmap.com/company/shadowfax
ShareChat,Google; Temasek; Tiger Global; Lightspeed; Twitter,https://www.bangalorestartupmap.com/company/sharechat
Shelfpay,Y Combinator,https://www.bangalorestartupmap.com/company/shelfpay
Shell India Markets,,https://www.bangalorestartupmap.com/company/shell-india-markets
Sheshi,,https://www.bangalorestartupmap.com/company/sheshi
ShieldSquare,Endiya Partners; Venture Highway,https://www.bangalorestartupmap.com/company/shieldsquare
Shipsy,,https://www.bangalorestartupmap.com/company/shipsy
Shipthis,,https://www.bangalorestartupmap.com/company/shipthis
Shoffr,,https://www.bangalorestartupmap.com/company/shoffr
Shoplabs.ai,,https://www.bangalorestartupmap.com/company/shoplabs-ai
ShopOS,,https://www.bangalorestartupmap.com/company/shopos
Siemens India (Bengaluru tech centre),,https://www.bangalorestartupmap.com/company/siemens-india-bengaluru-tech-centre
Siemens Technology India,,https://www.bangalorestartupmap.com/company/siemens-technology-india
Sigmato,,https://www.bangalorestartupmap.com/company/sigmato
SigNoz,,https://www.bangalorestartupmap.com/company/signoz
Signzy,,https://www.bangalorestartupmap.com/company/signzy
SigTuple,Accel; pi Ventures; Chiratae Ventures; IDG Ventures,https://www.bangalorestartupmap.com/company/sigtuple
SiliConch Systems,StartupXseed Ventures,https://www.bangalorestartupmap.com/company/siliconch-systems
Silverneedle Ventures,,https://www.bangalorestartupmap.com/company/silverneedle-ventures
Simpl,Valar Ventures; IA Ventures; Green Visor Capital,https://www.bangalorestartupmap.com/company/simpl
Simple Energy,HDFC Bank; Capitar Ventures,https://www.bangalorestartupmap.com/company/simple-energy
Simplilearn,Blackstone; Helion Ventures; Mayfield; Kalaari Capital,https://www.bangalorestartupmap.com/company/simplilearn
Simplismart,Accel; Shastra VC; Titan Capital,https://www.bangalorestartupmap.com/company/simplismart
Simplotel,,https://www.bangalorestartupmap.com/company/simplotel
Skit.ai,WestBridge Capital; Kalaari Capital; Exfinity Venture Partners,https://www.bangalorestartupmap.com/company/skit-ai
Skydo,Elevation Capital; BEENEXT,https://www.bangalorestartupmap.com/company/skydo
Skye Air,,https://www.bangalorestartupmap.com/company/skye-air
Skylark Drones,LetsVenture; Vruddhi Ventures,https://www.bangalorestartupmap.com/company/skylark-drones
Slang Labs,Google; Endiya Partners,https://www.bangalorestartupmap.com/company/slang-labs
SLAY Coffee,Jetty Ventures,https://www.bangalorestartupmap.com/company/slay-coffee
SleekSky,,https://www.bangalorestartupmap.com/company/sleeksky
Sleepyhead,,https://www.bangalorestartupmap.com/company/sleepyhead
Slice,Tiger Global; Insight Partners; Blume Ventures; Advent International,https://www.bangalorestartupmap.com/company/slice
Slikk,Nexus Venture Partners; Lightspeed; Better Capital; Multiply Ventures,https://www.bangalorestartupmap.com/company/slikk
Slintel,GGV Capital; Stellaris Venture Partners; Peak XV Partners,https://www.bangalorestartupmap.com/company/slintel
Small World Games,,https://www.bangalorestartupmap.com/company/small-world-games
smallcase,Amazon; Faering Capital; Premji Invest; Peak XV Partners; Blume Ventures,https://www.bangalorestartupmap.com/company/smallcase
Smartstaff,,https://www.bangalorestartupmap.com/company/smartstaff
Snactivate,,https://www.bangalorestartupmap.com/company/snactivate
Snitch,SWC Global; IvyCap Ventures,https://www.bangalorestartupmap.com/company/snitch
Solid Financial Technologies,,https://www.bangalorestartupmap.com/company/solid-financial-technologies
Something's Brewing,Fireside Ventures,https://www.bangalorestartupmap.com/company/something-s-brewing
Sonata Software,,https://www.bangalorestartupmap.com/company/sonata-software
SP Robotic Works,,https://www.bangalorestartupmap.com/company/sp-robotic-works
SpaceFields,Globaz Technologies; Jamwant Ventures,https://www.bangalorestartupmap.com/company/spacefields
Sparrow Capital,,https://www.bangalorestartupmap.com/company/sparrow-capital
Speciale Invest,,https://www.bangalorestartupmap.com/company/speciale-invest
Spense,,https://www.bangalorestartupmap.com/company/spense
Spill Games,,https://www.bangalorestartupmap.com/company/spill-games
SpotDraft,Premji Invest; Trident Partners,https://www.bangalorestartupmap.com/company/spotdraft
Springworks,Science Inc; Bloomberg Beta; SAP.iO,https://www.bangalorestartupmap.com/company/springworks
Sprinto,Accel; Elevation Capital; Blume Ventures,https://www.bangalorestartupmap.com/company/sprinto
Srishti Software,,https://www.bangalorestartupmap.com/company/srishti-software
Stable Money,,https://www.bangalorestartupmap.com/company/stable-money
Stellapps,Blume Ventures; Omnivore; Bill & Melinda Gates Foundation; Qualcomm Ventures,https://www.bangalorestartupmap.com/company/stellapps
Stellaris Venture Partners,,https://www.bangalorestartupmap.com/company/stellaris-venture-partners
StepChange,,https://www.bangalorestartupmap.com/company/stepchange
STMicroelectronics India,,https://www.bangalorestartupmap.com/company/stmicroelectronics-india
Strand Life Sciences,,https://www.bangalorestartupmap.com/company/strand-life-sciences
Strata,Kotak Investment Advisors; Gruhas Proptech; Elevation Capital; Mayfield India,https://www.bangalorestartupmap.com/company/strata
Stride Ventures,,https://www.bangalorestartupmap.com/company/stride-ventures
String Bio,Ankur Capital; Woodside Energy; Seventure Partners; KITVEN,https://www.bangalorestartupmap.com/company/string-bio
Studio Sirah,,https://www.bangalorestartupmap.com/company/studio-sirah
Subex,,https://www.bangalorestartupmap.com/company/subex
Sugar.fit,Endiya Partners; Tanglin Venture Partners; Cult.fit,https://www.bangalorestartupmap.com/company/sugar-fit
Sukino Healthcare,,https://www.bangalorestartupmap.com/company/sukino-healthcare
SUN Mobility,,https://www.bangalorestartupmap.com/company/sun-mobility
Superfone,,https://www.bangalorestartupmap.com/company/superfone
Superhealth,,https://www.bangalorestartupmap.com/company/superhealth
Superjoin,Better Capital,https://www.bangalorestartupmap.com/company/superjoin
Supernova,,https://www.bangalorestartupmap.com/company/supernova
SuperOps,Addition; March Capital; Matrix Partners; Elevation Capital; Tanglin Venture Partners,https://www.bangalorestartupmap.com/company/superops
Superset,Blume Ventures; Great Learning,https://www.bangalorestartupmap.com/company/superset
Supertails,Fireside Ventures; RPSG Capital Ventures; Saama Capital,https://www.bangalorestartupmap.com/company/supertails
Swiggy,Prosus; Accel; SoftBank Vision Fund; Invesco; Elevation Capital,https://www.bangalorestartupmap.com/company/swiggy
Swish,Accel; Bain Capital Ventures; Hara Global Capital,https://www.bangalorestartupmap.com/company/swish
SwitchOn,IvyCap Ventures; SIG; Trifecta Capital,https://www.bangalorestartupmap.com/company/switchon
Syngene International,,https://www.bangalorestartupmap.com/company/syngene-international
Synopsys India,,https://www.bangalorestartupmap.com/company/synopsys-india
Syntellite Innovations,,https://www.bangalorestartupmap.com/company/syntellite-innovations
Systemantics,,https://www.bangalorestartupmap.com/company/systemantics
Table Space,,https://www.bangalorestartupmap.com/company/table-space
TailorTalk,,https://www.bangalorestartupmap.com/company/tailortalk
tal by Grapevine,,https://www.bangalorestartupmap.com/company/tal-by-grapevine
Talview,Storm Ventures; Inventus Capital; Emergent Ventures,https://www.bangalorestartupmap.com/company/talview
Target in India,,https://www.bangalorestartupmap.com/company/target-in-india
Target India,,https://www.bangalorestartupmap.com/company/target-india
Tata Consultancy Services (Whitefield),,https://www.bangalorestartupmap.com/company/tata-consultancy-services-whitefield
TDV Partners,,https://www.bangalorestartupmap.com/company/tdv-partners
Teachmint,Learn Capital; Lightspeed India; Rocketship.vc; Vulcan Capital,https://www.bangalorestartupmap.com/company/teachmint
Techfino,Stellaris Venture Partners; Saison Capital,https://www.bangalorestartupmap.com/company/techfino
TechWLS Solutions,,https://www.bangalorestartupmap.com/company/techwls-solutions
Tecplix Technologies,,https://www.bangalorestartupmap.com/company/tecplix-technologies
Tejas Networks,,https://www.bangalorestartupmap.com/company/tejas-networks
Tell M,,https://www.bangalorestartupmap.com/company/tell-m
TellTide,,https://www.bangalorestartupmap.com/company/telltide
Temenos India,,https://www.bangalorestartupmap.com/company/temenos-india
Temploymentz,,https://www.bangalorestartupmap.com/company/temploymentz
TerraTern,,https://www.bangalorestartupmap.com/company/terratern
Tesco Bengaluru,,https://www.bangalorestartupmap.com/company/tesco-bengaluru
Tessell,,https://www.bangalorestartupmap.com/company/tessell
Testsigma,,https://www.bangalorestartupmap.com/company/testsigma
Texas Instruments India,,https://www.bangalorestartupmap.com/company/texas-instruments-india
Thales India,,https://www.bangalorestartupmap.com/company/thales-india
The Indian Garage Co,TMRW (Aditya Birla Group),https://www.bangalorestartupmap.com/company/the-indian-garage-co
The Ken,Rainmatter; Omidyar Network India,https://www.bangalorestartupmap.com/company/the-ken
The Product Highway,,https://www.bangalorestartupmap.com/company/the-product-highway
The Purple Turtles,,https://www.bangalorestartupmap.com/company/the-purple-turtles
The Retail Insights,,https://www.bangalorestartupmap.com/company/the-retail-insights
The Wedding Company,,https://www.bangalorestartupmap.com/company/the-wedding-company
Thermo Fisher India,,https://www.bangalorestartupmap.com/company/thermo-fisher-india
Thinkerbell Labs,,https://www.bangalorestartupmap.com/company/thinkerbell-labs
Third Wave Coffee,WestBridge Capital; Meritech Capital,https://www.bangalorestartupmap.com/company/third-wave-coffee
TimBuckDo,,https://www.bangalorestartupmap.com/company/timbuckdo
Tinkerbee Innovations,,https://www.bangalorestartupmap.com/company/tinkerbee-innovations
Toddle,Peak XV Partners; Z47; BEENEXT; Better Capital; Trifecta Capital,https://www.bangalorestartupmap.com/company/toddle
Together Fund,,https://www.bangalorestartupmap.com/company/together-fund
Toit,,https://www.bangalorestartupmap.com/company/toit
Tonbo Imaging,Celesta Capital; Edelweiss; Qualcomm Ventures; Artiman Ventures,https://www.bangalorestartupmap.com/company/tonbo-imaging
ToneTag,ValueQuest Scale Fund; Iron Pillar; Elevation Capital; Amansa,https://www.bangalorestartupmap.com/company/tonetag
TopDoc,,https://www.bangalorestartupmap.com/company/topdoc
Toplyne,,https://www.bangalorestartupmap.com/company/toplyne
Tracxn,Elevation Capital; Flipkart founders; Ratan Tata,https://www.bangalorestartupmap.com/company/tracxn
Transition VC,,https://www.bangalorestartupmap.com/company/transition-vc
Translab Technologies,,https://www.bangalorestartupmap.com/company/translab-technologies
Tricog,,https://www.bangalorestartupmap.com/company/tricog
Tricog Health,University of Tokyo Edge Capital; Inventus Partners; Sony Innovation Fund,https://www.bangalorestartupmap.com/company/tricog-health
Trifecta Capital,,https://www.bangalorestartupmap.com/company/trifecta-capital
Trinkerr,,https://www.bangalorestartupmap.com/company/trinkerr
Troak,,https://www.bangalorestartupmap.com/company/troak
TrueFoundry,,https://www.bangalorestartupmap.com/company/truefoundry
Trupeer,RTP Global; Salesforce Ventures,https://www.bangalorestartupmap.com/company/trupeer
Turbostart,,https://www.bangalorestartupmap.com/company/turbostart
Turno,,https://www.bangalorestartupmap.com/company/turno
Turtlemint,,https://www.bangalorestartupmap.com/company/turtlemint
Uber Bengaluru,,https://www.bangalorestartupmap.com/company/uber-bengaluru
Uber India,,https://www.bangalorestartupmap.com/company/uber-india
Ubona Technologies,Capital18,https://www.bangalorestartupmap.com/company/ubona-technologies
Udaan,Lightspeed; DST Global; Tencent; GGV Capital; Altimeter Capital,https://www.bangalorestartupmap.com/company/udaan
Ultrahuman,Nexus Venture Partners; Blume Ventures; Alpha Wave; Steadview Capital,https://www.bangalorestartupmap.com/company/ultrahuman
Ultraviolette,,https://www.bangalorestartupmap.com/company/ultraviolette
Ultraviolette Automotive,TVS Motor; Zoho; Qualcomm Ventures; Lingotto,https://www.bangalorestartupmap.com/company/ultraviolette-automotive
Unacademy,SoftBank Vision Fund; General Atlantic; Tiger Global; Temasek; Peak XV Partners,https://www.bangalorestartupmap.com/company/unacademy
Unbox Robotics,,https://www.bangalorestartupmap.com/company/unbox-robotics
Unbxd,,https://www.bangalorestartupmap.com/company/unbxd
Uni Cards,Lightspeed; Accel; General Catalyst; Elevation Capital; Eight Roads,https://www.bangalorestartupmap.com/company/uni-cards
Unibic Foods,Peepul Capital,https://www.bangalorestartupmap.com/company/unibic-foods
Uniphore,,https://www.bangalorestartupmap.com/company/uniphore
UNMANND Autonomy,,https://www.bangalorestartupmap.com/company/unmannd-autonomy
Unrack,,https://www.bangalorestartupmap.com/company/unrack
Unscript AI,Exfinity Venture Partners; Entrepreneur First,https://www.bangalorestartupmap.com/company/unscript-ai
Upekkha,,https://www.bangalorestartupmap.com/company/upekkha
Upsurge Labs,,https://www.bangalorestartupmap.com/company/upsurge-labs
Uravu Labs,,https://www.bangalorestartupmap.com/company/uravu-labs
Urban Company,,https://www.bangalorestartupmap.com/company/urban-company
Vaani Research Labs,Venture Catalysts,https://www.bangalorestartupmap.com/company/vaani-research-labs
Vahak,,https://www.bangalorestartupmap.com/company/vahak
Vahan,,https://www.bangalorestartupmap.com/company/vahan
Vahan.ai,Khosla Ventures; Y Combinator; Gaingels,https://www.bangalorestartupmap.com/company/vahan-ai
Vecmocon,,https://www.bangalorestartupmap.com/company/vecmocon
VECROS,,https://www.bangalorestartupmap.com/company/vecros
Vedantu,Tiger Global; Coatue; GGV Capital; Accel; WestBridge Capital,https://www.bangalorestartupmap.com/company/vedantu
Vegrow,Prosus Ventures; Elevation Capital; Lightspeed,https://www.bangalorestartupmap.com/company/vegrow
Velocity,,https://www.bangalorestartupmap.com/company/velocity
Ventureast,,https://www.bangalorestartupmap.com/company/ventureast
Verak,Y Combinator; Lightspeed; Gemba Capital,https://www.bangalorestartupmap.com/company/verak
Veritatis,,https://www.bangalorestartupmap.com/company/veritatis
Verloop.io,,https://www.bangalorestartupmap.com/company/verloop-io
Vidrow,,https://www.bangalorestartupmap.com/company/vidrow
vidyo.ai,,https://www.bangalorestartupmap.com/company/vidyo-ai
Vidyut,Flourish Ventures,https://www.bangalorestartupmap.com/company/vidyut
Virgio,,https://www.bangalorestartupmap.com/company/virgio
Visa India,,https://www.bangalorestartupmap.com/company/visa-india
VMware India,,https://www.bangalorestartupmap.com/company/vmware-india
Vobiz,Piper Serica Angel Fund,https://www.bangalorestartupmap.com/company/vobiz
Vocily,,https://www.bangalorestartupmap.com/company/vocily
Vodex,,https://www.bangalorestartupmap.com/company/vodex
Vogo,Matrix Partners India; Kalaari Capital; Ola; Stellaris Venture Partners,https://www.bangalorestartupmap.com/company/vogo
Volt Money,Titan Capital; Gemba Capital,https://www.bangalorestartupmap.com/company/volt-money
Vontier,,https://www.bangalorestartupmap.com/company/vontier
VuNet Systems,,https://www.bangalorestartupmap.com/company/vunet-systems
Vutto,RTP Global; Blume Ventures,https://www.bangalorestartupmap.com/company/vutto
Vxceed,,https://www.bangalorestartupmap.com/company/vxceed
Vyapar,WestBridge Capital; India Quotient,https://www.bangalorestartupmap.com/company/vyapar
Vymo,Emergence Capital; Peak XV Partners; Bertelsmann India Investments; WestBridge Capital,https://www.bangalorestartupmap.com/company/vymo
Wakefit,Investcorp; Peak XV Partners; SIG; Verlinvest,https://www.bangalorestartupmap.com/company/wakefit
Walmart Global Tech India,,https://www.bangalorestartupmap.com/company/walmart-global-tech-india
Walrus,Better Capital; Y Combinator,https://www.bangalorestartupmap.com/company/walrus
WaterBridge Ventures,,https://www.bangalorestartupmap.com/company/waterbridge-ventures
WayCool,,https://www.bangalorestartupmap.com/company/waycool
Wealthy,,https://www.bangalorestartupmap.com/company/wealthy
WebLight IT Solutions,,https://www.bangalorestartupmap.com/company/weblight-it-solutions
Wells Fargo India,,https://www.bangalorestartupmap.com/company/wells-fargo-india
WestBridge Capital,,https://www.bangalorestartupmap.com/company/westbridge-capital
Western Digital India,,https://www.bangalorestartupmap.com/company/western-digital-india
Whatfix,SoftBank Vision Fund; Warburg Pincus; Peak XV Partners; Eight Roads Ventures,https://www.bangalorestartupmap.com/company/whatfix
WhatsLoan,NSRCEL,https://www.bangalorestartupmap.com/company/whatsloan
WheelsEye,,https://www.bangalorestartupmap.com/company/wheelseye
Wildcraft,Peak XV Partners,https://www.bangalorestartupmap.com/company/wildcraft
Wingman,Y Combinator; Venture Highway; Speciale Invest,https://www.bangalorestartupmap.com/company/wingman
Wint Wealth,,https://www.bangalorestartupmap.com/company/wint-wealth
Winuall,,https://www.bangalorestartupmap.com/company/winuall
Wippi,,https://www.bangalorestartupmap.com/company/wippi
Wipro,,https://www.bangalorestartupmap.com/company/wipro
Witworks,Blume Ventures,https://www.bangalorestartupmap.com/company/witworks
WizCommerce,Peak XV Partners; Blume Ventures; Z47; Alpha Wave,https://www.bangalorestartupmap.com/company/wizcommerce
Wolken Software,,https://www.bangalorestartupmap.com/company/wolken-software
Wooqer,Nadathur Holdings,https://www.bangalorestartupmap.com/company/wooqer
WorkIndia,,https://www.bangalorestartupmap.com/company/workindia
Worli Dairy,,https://www.bangalorestartupmap.com/company/worli-dairy
Wow Labz,,https://www.bangalorestartupmap.com/company/wow-labz
Wow Skin Science,ChrysCapital; GulfIslamic Investments,https://www.bangalorestartupmap.com/company/wow-skin-science
Wysa,W Health Ventures; British International Investment; Google Assistant Investments,https://www.bangalorestartupmap.com/company/wysa
Xflow,,https://www.bangalorestartupmap.com/company/xflow
Xpheno,,https://www.bangalorestartupmap.com/company/xpheno
Xplorwing,,https://www.bangalorestartupmap.com/company/xplorwing
xTerra Robotics,,https://www.bangalorestartupmap.com/company/xterra-robotics
Yali Capital,,https://www.bangalorestartupmap.com/company/yali-capital
Yellow Bloom,,https://www.bangalorestartupmap.com/company/yellow-bloom
Yellow.ai,Lightspeed Venture Partners; WestBridge Capital; Sapphire Ventures; Salesforce Ventures,https://www.bangalorestartupmap.com/company/yellow-ai
Yoga Bar,ITC; Fireside Ventures,https://www.bangalorestartupmap.com/company/yoga-bar
yourDOST,,https://www.bangalorestartupmap.com/company/yourdost
YourStory,Ratan Tata; Qualcomm Ventures; 3one4 Capital,https://www.bangalorestartupmap.com/company/yourstory
Yubi,,https://www.bangalorestartupmap.com/company/yubi
Yulu,Bajaj Auto; Magna International,https://www.bangalorestartupmap.com/company/yulu
Z47,,https://www.bangalorestartupmap.com/company/z47
Zappfresh,,https://www.bangalorestartupmap.com/company/zappfresh
Zappr,,https://www.bangalorestartupmap.com/company/zappr
Zeno,,https://www.bangalorestartupmap.com/company/zeno
Zenskar,,https://www.bangalorestartupmap.com/company/zenskar
Zeotap,,https://www.bangalorestartupmap.com/company/zeotap
Zepto,,https://www.bangalorestartupmap.com/company/zepto
Zerodha,,https://www.bangalorestartupmap.com/company/zerodha
ZET,,https://www.bangalorestartupmap.com/company/zet
Zeta,SoftBank; Sodexo; Mastercard,https://www.bangalorestartupmap.com/company/zeta
Zetwerk,Peak XV Partners; Greenoaks; Lightspeed; Avenir; Iron Pillar,https://www.bangalorestartupmap.com/company/zetwerk
Zimyo,,https://www.bangalorestartupmap.com/company/zimyo
Zinier,,https://www.bangalorestartupmap.com/company/zinier
Zippserv,,https://www.bangalorestartupmap.com/company/zippserv
Zipydo,,https://www.bangalorestartupmap.com/company/zipydo
Zivame,Reliance Retail,https://www.bangalorestartupmap.com/company/zivame
Zluri,Lightspeed; MassMutual Ventures; Kalaari Capital; Endiya Partners,https://www.bangalorestartupmap.com/company/zluri
Zoko,Y Combinator; Weekend Fund; 021 Capital,https://www.bangalorestartupmap.com/company/zoko
Zolo,,https://www.bangalorestartupmap.com/company/zolo
Zolostays,Nexus Venture Partners; Investcorp; IDFC; Trifecta Capital,https://www.bangalorestartupmap.com/company/zolostays
Zolve,Creaegis; HSBC; SBI Investment; Accel; Lightspeed,https://www.bangalorestartupmap.com/company/zolve
Zomentum,Elevation Capital; Greenoaks Capital,https://www.bangalorestartupmap.com/company/zomentum
Zoomcar,,https://www.bangalorestartupmap.com/company/zoomcar
Zopper,,https://www.bangalorestartupmap.com/company/zopper
ZopSmart,,https://www.bangalorestartupmap.com/company/zopsmart
Zumutor Biologics,,https://www.bangalorestartupmap.com/company/zumutor-biologics
Zyoin,,https://www.bangalorestartupmap.com/company/zyoin
10Club,,https://www.bangalorestartupmap.com/company/10club
3one4 Capital,,https://www.bangalorestartupmap.com/company/3one4-capital
56 Secure,,https://www.bangalorestartupmap.com/company/56-secure
5C Network,Celesta Capital; Capria Ventures; Unitus Ventures; Axilor Ventures,https://www.bangalorestartupmap.com/company/5c-network
73 Strings,,https://www.bangalorestartupmap.com/company/73-strings
