name,founded,team_size
Aetos Innovation Labs,2025,cat 1
Vobiz,2025,cat 1
Troak,2023,cat 1
TailorTalk,2024,cat 1
Seasaw AI,2024,cat 1
Pipeshift,2024,cat 1
Matiks,2024,cat 1
LLMLab,2025,cat 1
Lawberry,2024,cat 1
Infinity,2023,cat 1
eyecandy robotics,2026,cat 1
ELVN-ELVN,2024,cat 1
CraftifAI,2025,cat 1
LatentForce,2024,cat 1
Wippi,2024,cat 1
AntiNorm,2024,cat 1
CORS Lab,2025,cat 1
MyFi,2023,cat 2
OnFinance AI,2023,cat 2
Oolka,2024,cat 2
Origamis AI,2024,cat 2
Panoculon Labs,2023,cat 2
Pinegap,2024,cat 2
Beyond Appliances,2024,cat 2
Portkey AI,2023,cat 2
QuiD,2023,cat 2
Belong,2023,cat 2
Spense,2024,cat 2
Superjoin,2023,cat 2
Basil,2023,cat 2
Trupeer,2024,cat 2
Vaani Research Labs,2023,cat 2
Alt Carbon,2023,cat 2
Ringg AI,2023,cat 2
Moonrider,2023,cat 2
Mowito,2024,cat 2
Mave Health,2023,cat 2
Dognosis,2023,cat 2
E3 Electric,2024,cat 2
Clueso,2023,cat 2
Evam Labs,2024,cat 2
CHK,2024,cat 2
Maxim AI,2023,cat 2
C2i Semiconductors,2024,cat 2
Fixxly,2025,cat 2
Jurisphere,2024,cat 2
kAIgentic,2025,cat 2
Bolna,2024,cat 2
Biopeak,2024,cat 2
BigEndian,2024,cat 2
Jumbo Homes,2025,cat 2
Pronto,2024,cat 3
Gushwork,2023,cat 3
Sarvam AI,2023,cat 3
Firstclub,2024,cat 3
Slikk,2024,cat 3
Vutto,2024,cat 3
Emergent,2024,cat 3
Dashverse,2023,cat 3
Composio,2023,cat 3
Dashtoon,2023,
Deepwork Labs,2025,
Dr. Doodley,2023,
Drizz,2024,
Flawskin,2024,
Maximem AI,2025,
Medial,2023,
Mesa School of Business,2023,
Spill Games,2024,
Swish,2024,
